MovieID,Title,Genres,new_title
28,Persuasion (1995),Romance,1995 Persuasion
29,"City of Lost Children, The (1995)",Adventure|Sci-Fi,1995 Children City Lost of
30,Shanghai Triad (Yao a yao yao dao waipo qiao) (1995),Drama,1995 Shanghai Triad Yao a dao qiao waipo yao yao
33,Wings of Courage (1995),Adventure|Romance,1995 Courage Wings of
35,Carrington (1995),Drama|Romance,1995 Carrington
37,Across the Sea of Time (1995),Documentary,1995 Across Sea Time of
47,Seven (Se7en) (1995),Crime|Thriller,1995 Se7en Seven
51,Guardian Angel (1994),Action|Drama|Thriller,1994 Angel Guardian
56,Kids of the Round Table (1995),Adventure|Children's|Fantasy,1995 Kids Round Table of
58,"Postino, Il (The Postman) (1994)",Drama|Romance,1994 Il Postino Postman
59,"Confessional, The (Le Confessionnal) (1995)",Drama|Mystery,1995 Confessional Confessionnal Le
64,Two if by Sea (1996),Comedy|Romance,1996 Sea Two by if
67,Two Bits (1995),Drama,1995 Bits Two
68,French Twist (Gazon maudit) (1995),Comedy|Romance,1995 French Gazon Twist maudit
73,"Misérables, Les (1995)",Drama|Musical,1995 Les Misérables
80,"White Balloon, The (Badkonake Sefid ) (1995)",Drama,1995 Badkonake Balloon Sefid White
81,Things to Do in Denver when You're Dead (1995),Crime|Drama|Romance,'re 1995 Dead Denver Do Things You in to when
82,Antonia's Line (Antonia) (1995),Drama,'s 1995 Antonia Antonia Line
84,Last Summer in the Hamptons (1995),Comedy|Drama,1995 Hamptons Last Summer in
90,"Journey of August King, The (1995)",Drama,1995 August Journey King of
97,"Hate (Haine, La) (1995)",Drama,1995 Haine Hate La
98,Shopping (1994),Action|Thriller,1994 Shopping
106,Nobody Loves Me (Keiner liebt mich) (1994),Comedy|Drama,1994 Keiner Loves Me Nobody liebt mich
109,Headless Body in Topless Bar (1995),Comedy,1995 Bar Body Headless Topless in
112,Rumble in the Bronx (1995),Action|Adventure|Crime,1995 Bronx Rumble in
114,Margaret's Museum (1995),Drama,'s 1995 Margaret Museum
115,Happiness Is in the Field (1995),Comedy,1995 Field Happiness Is in
120,Race the Sun (1996),Drama,1996 Race Sun
121,"Boys of St. Vincent, The (1993)",Drama,1993 Boys St. Vincent of
123,Chungking Express (1994),Drama|Mystery|Romance,1994 Chungking Express
124,"Star Maker, The (Uomo delle stelle, L') (1995)",Drama,1995 L Maker Star Uomo delle stelle
125,Flirting With Disaster (1996),Comedy,1996 Disaster Flirting With
126,"NeverEnding Story III, The (1994)",Adventure|Children's|Fantasy,1994 III NeverEnding Story
127,"Silence of the Palace, The (Saimt el Qusur) (1994)",Drama,1994 Palace Qusur Saimt Silence el of
128,Jupiter's Wife (1994),Documentary,'s 1994 Jupiter Wife
130,Angela (1995),Drama,1995 Angela
131,Frankie Starlight (1995),Drama|Romance,1995 Frankie Starlight
133,Nueba Yol (1995),Comedy|Drama,1995 Nueba Yol
134,Sonic Outlaws (1995),Documentary,1995 Outlaws Sonic
136,From the Journals of Jean Seberg (1995),Documentary,1995 From Jean Journals Seberg of
138,"Neon Bible, The (1995)",Drama,1995 Bible Neon
139,Target (1995),Action|Drama,1995 Target
140,Up Close and Personal (1996),Drama|Romance,1996 Close Personal Up and
142,Shadows (Cienie) (1988),Drama,1988 Cienie Shadows
143,Gospa (1995),Drama,1995 Gospa
157,Canadian Bacon (1994),Comedy|War,1994 Bacon Canadian
167,Feast of July (1995),Drama,1995 Feast July of
182,Moonlight and Valentino (1995),Drama|Romance,1995 Moonlight Valentino and
183,Mute Witness (1994),Thriller,1994 Mute Witness
192,"Show, The (1995)",Documentary,1995 Show
197,"Stars Fell on Henrietta, The (1995)",Drama,1995 Fell Henrietta Stars on
199,"Umbrellas of Cherbourg, The (Parapluies de Cherbourg, Les) (1964)",Drama|Musical,1964 Cherbourg Cherbourg Les Parapluies Umbrellas de of
200,"Tie That Binds, The (1995)",Thriller,1995 Binds That Tie
203,"To Wong Foo, Thanks for Everything! Julie Newmar (1995)",Comedy,! 1995 Everything Foo Julie Newmar Thanks To Wong for
213,Burnt By the Sun (Utomlyonnye solntsem) (1994),Drama,1994 Burnt By Sun Utomlyonnye solntsem
214,Before the Rain (Pred dozhdot) (1994),Drama,1994 Before Pred Rain dozhdot
224,Don Juan DeMarco (1995),Comedy|Drama|Romance,1995 DeMarco Don Juan
226,Dream Man (1995),Thriller,1995 Dream Man
230,Dolores Claiborne (1994),Drama|Thriller,1994 Claiborne Dolores
231,Dumb & Dumber (1994),Comedy,& 1994 Dumb Dumber
232,Eat Drink Man Woman (1994),Comedy|Drama,1994 Drink Eat Man Woman
238,Far From Home: The Adventures of Yellow Dog (1995),Adventure|Children's,1995 : Adventures Dog Far From Home Yellow of
242,Farinelli: il castrato (1994),Drama|Musical,1994 : Farinelli castrato il
243,Gordy (1995),Comedy,1995 Gordy
244,Gumby: The Movie (1995),Animation|Children's,1995 : Gumby Movie
245,"Glass Shield, The (1994)",Crime|Drama,1994 Glass Shield
248,Houseguest (1994),Comedy,1994 Houseguest
250,Heavyweights (1994),Children's|Comedy,1994 Heavyweights
253,Interview with the Vampire (1994),Drama|Horror,1994 Interview Vampire with
255,"Jerky Boys, The (1994)",Comedy,1994 Boys Jerky
260,Star Wars: Episode IV - A New Hope (1977),Action|Adventure|Fantasy|Sci-Fi,- 1977 : A Episode Hope IV New Star Wars
264,"Enfer, L' (1994)",Drama,1994 Enfer L
265,Like Water for Chocolate (Como agua para chocolate) (1992),Drama|Romance,1992 Chocolate Como Like Water agua chocolate for para
267,Major Payne (1994),Comedy,1994 Major Payne
268,Little Odessa (1994),Drama,1994 Little Odessa
269,My Crazy Life (Mi vida loca) (1993),Drama,1993 Crazy Life Mi My loca vida
273,Mary Shelley's Frankenstein (1994),Drama|Horror,'s 1994 Frankenstein Mary Shelley
284,New York Cop (1996),Action|Crime,1996 Cop New York
285,Beyond Bedlam (1993),Drama|Horror,1993 Bedlam Beyond
286,Nemesis 2: Nebula (1995),Action|Sci-Fi|Thriller,1995 2 : Nebula Nemesis
291,Poison Ivy II (1995),Thriller,1995 II Ivy Poison
293,"Professional, The (a.k.a. Leon: The Professional) (1994)",Crime|Drama|Romance|Thriller,. 1994 : Leon Professional Professional a.k.a
297,Panther (1995),Drama,1995 Panther
298,Pushing Hands (1992),Comedy,1992 Hands Pushing
301,Picture Bride (1995),Drama|Romance,1995 Bride Picture
302,Queen Margot (La Reine Margot) (1994),Drama|Romance,1994 La Margot Margot Queen Reine
305,Ready to Wear (Pret-A-Porter) (1994),Comedy,1994 Pret-A-Porter Ready Wear to
306,Three Colors: Red (1994),Drama,1994 : Colors Red Three
307,Three Colors: Blue (1993),Drama,1993 : Blue Colors Three
308,Three Colors: White (1994),Drama,1994 : Colors Three White
309,"Red Firecracker, Green Firecracker (1994)",Drama,1994 Firecracker Firecracker Green Red
321,Strawberry and Chocolate (Fresa y chocolate) (1993),Drama,1993 Chocolate Fresa Strawberry and chocolate y
322,Swimming with Sharks (1995),Comedy|Drama,1995 Sharks Swimming with
325,National Lampoon's Senior Trip (1995),Comedy,'s 1995 Lampoon National Senior Trip
326,To Live (Huozhe) (1994),Drama,1994 Huozhe Live To
328,Tales From the Crypt Presents: Demon Knight (1995),Horror,1995 : Crypt Demon From Knight Presents Tales
346,Backbeat (1993),Drama|Musical,1993 Backbeat
363,"Wonderful, Horrible Life of Leni Riefenstahl, The (Die Macht der Bilder) (1993)",Documentary,1993 Bilder Die Horrible Leni Life Macht Riefenstahl Wonderful der of
373,Red Rock West (1992),Thriller,1992 Red Rock West
374,Richie Rich (1994),Children's|Comedy,1994 Rich Richie
375,Safe Passage (1994),Drama,1994 Passage Safe
388,Boys Life (1995),Drama,1995 Boys Life
389,"Colonel Chabert, Le (1994)",Drama|Romance|War,1994 Chabert Colonel Le
392,"Secret Adventures of Tom Thumb, The (1993)",Adventure|Children's,1993 Adventures Secret Thumb Tom of
394,Coldblooded (1995),Action,1995 Coldblooded
395,Desert Winds (1995),Drama,1995 Desert Winds
396,Fall Time (1995),Drama,1995 Fall Time
397,"Fear, The (1995)",Horror,1995 Fear
398,Frank and Ollie (1995),Documentary,1995 Frank Ollie and
399,Girl in the Cadillac (1995),Drama,1995 Cadillac Girl in
400,Homage (1995),Drama,1995 Homage
401,Mirage (1995),Action|Thriller,1995 Mirage
402,Open Season (1996),Comedy,1996 Open Season
403,Two Crimes (1995),Comedy|Crime|Drama,1995 Crimes Two
404,Brother Minister: The Assassination of Malcolm X (1994),Documentary,1994 : Assassination Brother Malcolm Minister X of
407,In the Mouth of Madness (1995),Horror|Thriller,1995 In Madness Mouth of
411,You So Crazy (1994),Comedy,1994 Crazy So You
418,Being Human (1993),Drama,1993 Being Human
422,Blink (1994),Thriller,1994 Blink
439,Dangerous Game (1993),Drama,1993 Dangerous Game
443,"Endless Summer 2, The (1994)",Documentary,1994 2 Endless Summer
446,Farewell My Concubine (1993),Drama|Romance,1993 Concubine Farewell My
447,"Favor, The (1994)",Comedy|Romance,1994 Favor
462,"Good Man in Africa, A (1994)",Action|Adventure,1994 A Africa Good Man in
463,Guilty as Sin (1993),Crime|Drama|Thriller,1993 Guilty Sin as
465,Heaven & Earth (1993),Action|Drama|War,& 1993 Earth Heaven
477,What's Love Got to Do with It? (1993),Drama,'s 1993 ? Do Got It Love What to with
482,Killing Zoe (1994),Thriller,1994 Killing Zoe
483,King of the Hill (1993),Drama,1993 Hill King of
495,In the Realm of the Senses (Ai no corrida) (1976),Drama,1976 Ai In Realm Senses corrida no of
498,Mr. Jones (1993),Drama|Romance,1993 Jones Mr.
503,"New Age, The (1994)",Drama,1994 Age New
506,Orlando (1993),Drama,1993 Orlando
512,Robert A. Heinlein's The Puppet Masters (1994),Horror|Sci-Fi,'s 1994 A. Heinlein Masters Puppet Robert
519,Robocop 3 (1993),Sci-Fi|Thriller,1993 3 Robocop
525,"Saint of Fort Washington, The (1993)",Drama,1993 Fort Saint Washington of
526,"Savage Nights (Nuits fauves, Les) (1992)",Drama,1992 Les Nights Nuits Savage fauves
530,Second Best (1994),Drama,1994 Best Second
545,Harlem (1993),Drama,1993 Harlem
549,Thirty-Two Short Films About Glenn Gould (1993),Documentary,1993 About Films Glenn Gould Short Thirty-Two
554,Trial by Jury (1994),Thriller,1994 Jury Trial by
557,Mamma Roma (1962),Drama,1962 Mamma Roma
559,"Paris, France (1993)",Comedy,1993 France Paris
560,"Beans of Egypt, Maine, The (1994)",Drama,1994 Beans Egypt Maine of
561,Killer (Bulletproof Heart) (1994),Thriller,1994 Bulletproof Heart Killer
565,Cronos (1992),Horror,1992 Cronos
566,Naked in New York (1994),Comedy|Romance,1994 Naked New York in
570,"Slingshot, The (Kådisbellan ) (1993)",Comedy|Drama,1993 Kådisbellan Slingshot
571,"Wedding Gift, The (1994)",Drama,1994 Gift Wedding
572,Foreign Student (1994),Drama,1994 Foreign Student
573,"Ciao, Professore! (Io speriamo che me la cavo ) (1993)",Drama,! 1993 Ciao Io Professore cavo che la me speriamo
576,Fausto (1993),Comedy,1993 Fausto
578,"Hour of the Pig, The (1993)",Drama|Mystery,1993 Hour Pig of
579,"Scorta, La (1993)",Thriller,1993 La Scorta
582,Metisse (Café au Lait) (1993),Comedy,1993 Café Lait Metisse au
583,Dear Diary (Caro Diario) (1994),Comedy|Drama,1994 Caro Dear Diario Diary
584,I Don't Want to Talk About It (De eso no se habla) (1993),Drama,1993 About De Do I It Talk Want eso habla n't no se to
591,Tough and Deadly (1995),Action|Drama|Thriller,1995 Deadly Tough and
598,Window to Paris (1994),Comedy,1994 Paris Window to
601,"Wooden Man's Bride, The (Wu Kui) (1994)",Drama,'s 1994 Bride Kui Man Wooden Wu
603,"Bye Bye, Love (1995)",Comedy,1995 Bye Bye Love
604,Criminals (1996),Documentary,1996 Criminals
607,Century (1993),Drama,1993 Century
614,Loaded (1994),Drama|Thriller,1994 Loaded
615,Bread and Chocolate (Pane e cioccolata) (1973),Drama,1973 Bread Chocolate Pane and cioccolata e
616,"Aristocats, The (1970)",Animation|Children's,1970 Aristocats
617,"Flower of My Secret, The (La Flor de Mi Secreto) (1995)",Drama,1995 Flor Flower La Mi My Secret Secreto de of
618,Two Much (1996),Comedy|Romance,1996 Much Two
620,Scream of Stone (Schrei aus Stein) (1991),Drama,1991 Schrei Scream Stein Stone aus of
621,My Favorite Season (1993),Drama,1993 Favorite My Season
623,"Modern Affair, A (1995)",Romance,1995 A Affair Modern
624,Condition Red (1995),Action|Drama|Thriller,1995 Condition Red
625,Asfour Stah (1990),Drama,1990 Asfour Stah
629,Rude (1995),Drama,1995 Rude
630,Carried Away (1996),Drama|Romance,1996 Away Carried
632,Land and Freedom (Tierra y libertad) (1995),War,1995 Freedom Land Tierra and libertad y
638,Jack and Sarah (1995),Romance,1995 Jack Sarah and
641,"Little Indian, Big City (Un indien dans la ville) (1994)",Comedy,1994 Big City Indian Little Un dans indien la ville
642,Roula (1995),Drama,1995 Roula
643,Peanuts - Die Bank zahlt alles (1996),Comedy,- 1996 Bank Die Peanuts alles zahlt
644,Happy Weekend (1996),Comedy,1996 Happy Weekend
649,Cold Fever (Á köldum klaka) (1994),Comedy|Drama,1994 Cold Fever klaka köldum Á
651,"Superweib, Das (1996)",Comedy,1996 Das Superweib
652,"301, 302 (1995)",Mystery,1995 301 302
653,Dragonheart (1996),Action|Adventure|Fantasy,1996 Dragonheart
654,Und keiner weint mir nach (1996),Drama|Romance,1996 Und keiner mir nach weint
655,Mutters Courage (1995),Comedy,1995 Courage Mutters
657,Yankee Zulu (1994),Comedy|Drama,1994 Yankee Zulu
658,Billy's Holiday (1995),Drama,'s 1995 Billy Holiday
659,Purple Noon (1960),Crime|Thriller,1960 Noon Purple
660,August (1996),Drama,1996 August
664,Faithful (1996),Comedy,1996 Faithful
666,All Things Fair (1996),Drama,1996 All Fair Things
667,Bloodsport 2 (1995),Action,1995 2 Bloodsport
670,"World of Apu, The (Apur Sansar) (1959)",Drama,1959 Apu Apur Sansar World of
672,Tarantella (1995),Drama,1995 Tarantella
675,Hostile Intentions (1994),Action|Drama|Thriller,1994 Hostile Intentions
676,They Bite (1996),Drama,1996 Bite They
678,Some Folks Call It a Sling Blade (1993),Drama|Thriller,1993 Blade Call Folks It Sling Some a
680,Alphaville (1965),Sci-Fi,1965 Alphaville
681,Clean Slate (Coup de Torchon) (1981),Crime,1981 Clean Coup Slate Torchon de
682,Tigrero: A Film That Was Never Made (1994),Documentary|Drama,1994 : A Film Made Never That Tigrero Was
683,"Eye of Vichy, The (Oeil de Vichy, L') (1993)",Documentary,1993 Eye L Oeil Vichy Vichy de of
684,Windows (1980),Drama,1980 Windows
685,It's My Party (1995),Drama,'s 1995 It My Party
687,Country Life (1994),Drama|Romance,1994 Country Life
690,"Promise, The (Versprechen, Das) (1994)",Romance,1994 Das Promise Versprechen
693,Under the Domin Tree (Etz Hadomim Tafus) (1994),Drama,1994 Domin Etz Hadomim Tafus Tree Under
696,Butterfly Kiss (1995),Thriller,1995 Butterfly Kiss
698,Delta of Venus (1994),Drama,1994 Delta Venus of
699,To Cross the Rubicon (1991),Drama,1991 Cross Rubicon To
701,Daens (1992),Drama,1992 Daens
702,Faces (1968),Drama,1968 Faces
705,Cosi (1996),Comedy,1996 Cosi
712,Captives (1994),Drama,1994 Captives
713,Of Love and Shadows (1994),Drama,1994 Love Of Shadows and
715,"Horseman on the Roof, The (Hussard sur le toit, Le) (1995)",Drama,1995 Horseman Hussard Le Roof le on sur toit
716,Switchblade Sisters (1975),Crime,1975 Sisters Switchblade
717,Mouth to Mouth (Boca a boca) (1995),Comedy,1995 Boca Mouth Mouth a boca to
718,"Visitors, The (Les Visiteurs) (1993)",Comedy|Sci-Fi,1993 Les Visiteurs Visitors
721,Halfmoon (Paul Bowles - Halbmond) (1995),Drama,- 1995 Bowles Halbmond Halfmoon Paul
723,Two Friends (1986),Drama,1986 Friends Two
727,War Stories (1995),Documentary,1995 Stories War
729,"Institute Benjamenta, or This Dream People Call Human Life (1995)",Drama,1995 Benjamenta Call Dream Human Institute Life People This or
730,"Low Life, The (1994)",Drama,1994 Life Low
732,Original Gangstas (1996),Crime,1996 Gangstas Original
734,Getting Away With Murder (1996),Comedy,1996 Away Getting Murder With
735,Cemetery Man (Dellamorte Dellamore) (1994),Comedy|Horror,1994 Cemetery Dellamore Dellamorte Man
738,"Garcu, Le (1995)",Drama,1995 Garcu Le
739,Honigmond (1996),Comedy,1996 Honigmond
741,Ghost in the Shell (Kokaku kidotai) (1995),Animation|Sci-Fi,1995 Ghost Kokaku Shell in kidotai
744,Brothers in Trouble (1995),Drama,1995 Brothers Trouble in
746,Force of Evil (1948),Film-Noir,1948 Evil Force of
749,"Man from Down Under, The (1943)",Drama,1943 Down Man Under from
750,Dr. Strangelove or: How I Learned to Stop Worrying and Love the Bomb (1963),Sci-Fi|War,1963 : Bomb Dr. How I Learned Love Stop Strangelove Worrying and or to
751,Careful (1992),Comedy,1992 Careful
752,Vermont Is For Lovers (1992),Comedy|Romance,1992 For Is Lovers Vermont
753,"Month by the Lake, A (1995)",Comedy|Drama,1995 A Lake Month by
754,Gold Diggers: The Secret of Bear Mountain (1995),Adventure|Children's,1995 : Bear Diggers Gold Mountain Secret of
755,Kim (1950),Children's|Drama,1950 Kim
756,Carmen Miranda: Bananas Is My Business (1994),Documentary,1994 : Bananas Business Carmen Is Miranda My
757,Ashes of Time (1994),Drama,1994 Ashes Time of
758,"Jar, The (Khomreh) (1992)",Drama,1992 Jar Khomreh
763,"Last of the High Kings, The (a.k.a. Summer Fling) (1996)",Drama,. 1996 Fling High Kings Last Summer a.k.a of
767,"Grass Harp, The (1995)",Drama,1995 Grass Harp
768,Someone Else's America (1995),Drama,'s 1995 America Else Someone
769,Marlene Dietrich: Shadow and Light (1996),Documentary,1996 : Dietrich Light Marlene Shadow and
770,Costa Brava (1946),Drama,1946 Brava Costa
771,"Vie est belle, La (Life is Rosey) (1987)",Comedy|Drama,1987 La Life Rosey Vie belle est is
772,Quartier Mozart (1992),Comedy,1992 Mozart Quartier
773,Touki Bouki (Journey of the Hyena) (1973),Drama,1973 Bouki Hyena Journey Touki of
774,Wend Kuuni (God's Gift) (1982),Drama,'s 1982 Gift God Kuuni Wend
775,Spirits of the Dead (Tre Passi nel Delirio) (1968),Horror,1968 Dead Delirio Passi Spirits Tre nel of
776,Babyfever (1994),Comedy|Drama,1994 Babyfever
777,Pharaoh's Army (1995),War,'s 1995 Army Pharaoh
780,Independence Day (ID4) (1996),Action|Sci-Fi|War,1996 Day ID4 Independence
787,"Gate of Heavenly Peace, The (1995)",Documentary,1995 Gate Heavenly Peace of
789,"I, Worst of All (Yo, la peor de todas) (1990)",Drama,1990 All I Worst Yo de la of peor todas
790,An Unforgettable Summer (1994),Drama,1994 An Summer Unforgettable
791,"Last Klezmer: Leopold Kozlowski, His Life and Music, The (1995)",Documentary,1995 : His Klezmer Kozlowski Last Leopold Life Music and
792,"Hungarian Fairy Tale, A (1987)",Fantasy,1987 A Fairy Hungarian Tale
793,My Life and Times With Antonin Artaud (En compagnie d'Antonin Artaud) (1993),Drama,1993 Antonin Artaud Artaud En Life My Times With and compagnie d'Antonin
794,Midnight Dancers (Sibak) (1994),Comedy|Drama,1994 Dancers Midnight Sibak
796,"Very Natural Thing, A (1974)",Drama,1974 A Natural Thing Very
797,"Old Lady Who Walked in the Sea, The (Vieille qui marchait dans la mer, La) (1991)",Comedy,1991 La Lady Old Sea Vieille Walked Who dans in la marchait mer qui
807,"Rendezvous in Paris (Rendez-vous de Paris, Les) (1995)",Comedy|Romance,1995 Les Paris Paris Rendez-vous Rendezvous de in
811,"Bewegte Mann, Der (1994)",Comedy,1994 Bewegte Der Mann
812,Magic Hunter (1994),Drama,1994 Hunter Magic
814,"Boy Called Hate, A (1995)",Drama,1995 A Boy Called Hate
815,Power 98 (1995),Action|Mystery|Thriller,1995 98 Power
816,Two Deaths (1995),Drama,1995 Deaths Two
819,Stefano Quantestorie (1993),Comedy|Drama,1993 Quantestorie Stefano
820,"Death in the Garden (Mort en ce jardin, La) (1956)",Drama,1956 Death Garden La Mort ce en in jardin
821,"Crude Oasis, The (1995)",Romance,1995 Crude Oasis
822,Hedd Wyn (1992),Drama,1992 Hedd Wyn
823,"Collectionneuse, La (1967)",Drama,1967 Collectionneuse La
825,Echte Kerle (1996),Comedy|Romance,1996 Echte Kerle
826,Diebinnen (1995),Drama,1995 Diebinnen
827,"Convent, The (Convento, O) (1995)",Drama,1995 Convent Convento O
831,Stonewall (1995),Drama,1995 Stonewall
834,Phat Beach (1996),Comedy,1996 Beach Phat
841,Eyes Without a Face (1959),Horror,1959 Eyes Face Without a
842,Tales from the Crypt Presents: Bordello of Blood (1996),Horror,1996 : Blood Bordello Crypt Presents Tales from of
843,Lotto Land (1995),Drama,1995 Land Lotto
844,"Story of Xinghua, The (1993)",Drama,1993 Story Xinghua of
845,"Day the Sun Turned Cold, The (Tianguo niezi) (1994)",Drama,1994 Cold Day Sun Tianguo Turned niezi
846,Flirt (1995),Drama,1995 Flirt
847,"Big Squeeze, The (1996)",Comedy|Drama,1996 Big Squeeze
850,Cyclo (1995),Crime|Drama,1995 Cyclo
853,Dingo (1992),Drama,1992 Dingo
854,"Ballad of Narayama, The (Narayama Bushiko) (1958)",Drama,1958 Ballad Bushiko Narayama Narayama of
855,Every Other Weekend (1990),Drama,1990 Every Other Weekend
856,Mille bolle blu (1993),Comedy,1993 Mille blu bolle
857,Crows and Sparrows (1949),Drama,1949 Crows Sparrows and
859,"Hippie Revolution, The (1996)",Documentary,1996 Hippie Revolution
860,"Maybe, Maybe Not (Bewegte Mann, Der) (1994)",Comedy,1994 Bewegte Der Mann Maybe Maybe Not
861,Supercop (1992),Action|Thriller,1992 Supercop
862,Manny & Lo (1996),Drama,& 1996 Lo Manny
863,Celestial Clockwork (1994),Comedy,1994 Celestial Clockwork
864,"Wife, The (1995)",Comedy|Drama,1995 Wife
865,Small Faces (1995),Drama,1995 Faces Small
868,Death in Brunswick (1991),Comedy,1991 Brunswick Death in
871,Lover's Knot (1996),Comedy,'s 1996 Knot Lover
872,Aiqing wansui (1994),Drama,1994 Aiqing wansui
873,Shadow of Angels (Schatten der Engel) (1976),Drama,1976 Angels Engel Schatten Shadow der of
874,Killer: A Journal of Murder (1995),Crime|Drama,1995 : A Journal Killer Murder of
876,Police Story 4: Project S (Chao ji ji hua) (1993),Action,1993 4 : Chao Police Project S Story hua ji ji
877,Girls Town (1996),Drama,1996 Girls Town
878,Bye-Bye (1995),Drama,1995 Bye-Bye
884,Sweet Nothing (1995),Drama,1995 Nothing Sweet
887,Talk of Angels (1998),Drama,1998 Angels Talk of
889,1-900 (1994),Romance,1-900 1994
890,Baton Rouge (1988),Thriller,1988 Baton Rouge
892,Twelfth Night (1996),Comedy|Drama|Romance,1996 Night Twelfth
894,Liebelei (1933),Romance,1933 Liebelei
895,Venice/Venice (1992),Drama,1992 Venice/Venice
896,Wild Reeds (1994),Drama,1994 Reeds Wild
922,Sunset Blvd. (a.k.a. Sunset Boulevard) (1950),Film-Noir,. . 1950 Blvd Boulevard Sunset Sunset a.k.a
925,Golden Earrings (1947),Adventure|Romance,1947 Earrings Golden
939,"Reluctant Debutante, The (1958)",Comedy|Drama,1958 Debutante Reluctant
957,"Scarlet Letter, The (1926)",Drama,1926 Letter Scarlet
958,Lady of Burlesque (1943),Comedy|Mystery,1943 Burlesque Lady of
960,Angel on My Shoulder (1946),Crime|Drama,1946 Angel My Shoulder on
962,They Made Me a Criminal (1939),Crime|Drama,1939 Criminal Made Me They a
964,Angel and the Badman (1947),Western,1947 Angel Badman and
966,"Walk in the Sun, A (1945)",Drama,1945 A Sun Walk in
967,"Outlaw, The (1943)",Western,1943 Outlaw
970,Beat the Devil (1954),Comedy|Drama,1954 Beat Devil
972,"Last Time I Saw Paris, The (1954)",Drama,1954 I Last Paris Saw Time
974,Algiers (1938),Drama|Romance,1938 Algiers
975,Something to Sing About (1937),Comedy|Musical,1937 About Sing Something to
977,Moonlight Murder (1936),Mystery,1936 Moonlight Murder
978,"Blue Angel, The (Blaue Engel, Der) (1930)",Drama,1930 Angel Blaue Blue Der Engel
980,In the Line of Duty 2 (1987),Action,1987 2 Duty In Line of
983,Madagascar Skin (1995),Romance,1995 Madagascar Skin
984,"Pompatus of Love, The (1996)",Comedy|Drama,1996 Love Pompatus of
985,Small Wonders (1996),Documentary,1996 Small Wonders
989,Schlafes Bruder (Brother of Sleep) (1995),Drama,1995 Brother Bruder Schlafes Sleep of
992,"Rich Man's Wife, The (1996)",Thriller,'s 1996 Man Rich Wife
997,Caught (1996),Drama|Thriller,1996 Caught
1000,Curdled (1996),Crime,1996 Curdled
1001,"Associate, The (L'Associe)(1982)",Comedy,1982 Associate L'Associe
1002,Ed's Next Move (1996),Comedy,'s 1996 Ed Move Next
1008,"Davy Crockett, King of the Wild Frontier (1955)",Western,1955 Crockett Davy Frontier King Wild of
1010,"Love Bug, The (1969)",Children's|Comedy,1969 Bug Love
1024,"Three Caballeros, The (1945)",Animation|Children's|Musical,1945 Caballeros Three
1026,So Dear to My Heart (1949),Children's|Drama,1949 Dear Heart My So to
1038,Unhook the Stars (1996),Drama,1996 Stars Unhook
1039,Synthetic Pleasures (1995),Documentary,1995 Pleasures Synthetic
1044,Surviving Picasso (1996),Drama,1996 Picasso Surviving
1045,Love Is All There Is (1996),Comedy|Drama,1996 All Is Is Love There
1052,"Proprietor, The (1996)",Drama,1996 Proprietor
1058,Bitter Sugar (Azucar Amargo) (1996),Drama,1996 Amargo Azucar Bitter Sugar
1059,William Shakespeare's Romeo and Juliet (1996),Drama|Romance,'s 1996 Juliet Romeo Shakespeare William and
1062,"Sunchaser, The (1996)",Drama,1996 Sunchaser
1063,Johns (1996),Drama,1996 Johns
1065,"Woman in Question, The (1950)",Mystery,1950 Question Woman in
1066,Shall We Dance? (1937),Comedy|Musical|Romance,1937 ? Dance Shall We
1067,"Damsel in Distress, A (1937)",Comedy|Musical|Romance,1937 A Damsel Distress in
1069,"Murder, My Sweet (1944)",Film-Noir|Thriller,1944 Murder My Sweet
1070,Macao (1952),Adventure,1952 Macao
1071,For the Moment (1994),Romance|War,1994 For Moment
1073,Willy Wonka and the Chocolate Factory (1971),Adventure|Children's|Comedy|Fantasy,1971 Chocolate Factory Willy Wonka and
1075,"Sexual Life of the Belgians, The (1994)",Comedy,1994 Belgians Life Sexual of
1080,Monty Python's Life of Brian (1979),Comedy,'s 1979 Brian Life Monty Python of
1081,Victor/Victoria (1982),Comedy|Musical,1982 Victor/Victoria
1087,Madame Butterfly (1995),Musical,1995 Butterfly Madame
1098,"Search for One-eye Jimmy, The (1996)",Comedy,1996 Jimmy One-eye Search for
1102,American Strays (1996),Action,1996 American Strays
1105,Children of the Corn IV: The Gathering (1996),Horror,1996 : Children Corn Gathering IV of
1106,"Leopard Son, The (1996)",Documentary,1996 Leopard Son
1108,Prerokbe Ognja (1995),Documentary,1995 Ognja Prerokbe
1109,Charm's Incidents (1996),Drama,'s 1996 Charm Incidents
1110,Bird of Prey (1996),Action,1996 Bird Prey of
1111,Microcosmos (Microcosmos: Le peuple de l'herbe) (1996),Documentary,1996 : Le Microcosmos Microcosmos de l'herbe peuple
1112,Palookaville (1996),Action|Drama,1996 Palookaville
1113,"Associate, The (1996)",Comedy,1996 Associate
1115,Sleepover (1995),Comedy|Drama,1995 Sleepover
1116,"Single Girl, A (La Fille Seule) (1995)",Drama,1995 A Fille Girl La Seule Single
1117,"Eighth Day, The (Le Huitième jour ) (1996)",Drama,1996 Day Eighth Huitième Le jour
1118,Tashunga (1995),Adventure|Western,1995 Tashunga
1119,Drunks (1997),Drama,1997 Drunks
1121,Glory Daze (1996),Drama,1996 Daze Glory
1122,Plutonium Circus (1995),Documentary,1995 Circus Plutonium
1125,"Return of the Pink Panther, The (1974)",Comedy,1974 Panther Pink Return of
1130,"Howling, The (1980)",Horror,1980 Howling
1132,Manon of the Spring (Manon des sources) (1986),Drama,1986 Manon Manon Spring des of sources
1133,Talking About Sex (1994),Comedy|Drama,1994 About Sex Talking
1134,Johnny 100 Pesos (1993),Action|Drama,100 1993 Johnny Pesos
1136,Monty Python and the Holy Grail (1974),Comedy,1974 Grail Holy Monty Python and
1138,Dadetown (1995),Documentary,1995 Dadetown
1139,Everything Relative (1996),Drama,1996 Everything Relative
1141,Hoogste tijd (1995),Drama,1995 Hoogste tijd
1142,Get Over It (1996),Drama,1996 Get It Over
1143,Three Lives and Only One Death (1996),Comedy,1996 Death Lives One Only Three and
1144,"Line King: Al Hirschfeld, The (1996)",Documentary,1996 : Al Hirschfeld King Line
1145,Snowriders (1996),Documentary,1996 Snowriders
1146,Curtis's Charm (1995),Comedy|Drama,'s 1995 Charm Curtis
1149,JLG/JLG - autoportrait de décembre (1994),Documentary|Drama,- 1994 JLG/JLG autoportrait de décembre
1150,"Return of Martin Guerre, The (Retour de Martin Guerre, Le) (1982)",Drama,1982 Guerre Guerre Le Martin Martin Retour Return de of
1152,He Walked by Night (1948),Crime|Film-Noir|Thriller,1948 He Night Walked by
1153,Raw Deal (1948),Film-Noir,1948 Deal Raw
1154,T-Men (1947),Film-Noir,1947 T-Men
1155,"Invitation, The (Zaproszenie) (1986)",Drama,1986 Invitation Zaproszenie
1156,"Children Are Watching us, The (Bambini ci guardano, I) (1942)",Drama,1942 Are Bambini Children I Watching ci guardano us
1157,"Symphonie pastorale, La (1946)",Drama,1946 La Symphonie pastorale
1158,Here Comes Cookie (1935),Comedy,1935 Comes Cookie Here
1159,Love in Bloom (1935),Romance,1935 Bloom Love in
1160,Six of a Kind (1934),Comedy,1934 Kind Six a of
1161,"Tin Drum, The (Blechtrommel, Die) (1979)",Drama,1979 Blechtrommel Die Drum Tin
1164,Two or Three Things I Know About Her (1966),Drama,1966 About Her I Know Things Three Two or
1165,"Bloody Child, The (1996)",Drama|Thriller,1996 Bloody Child
1166,Farmer & Chase (1995),Comedy,& 1995 Chase Farmer
1168,Bad Moon (1996),Horror,1996 Bad Moon
1169,American Dream (1990),Documentary,1990 American Dream
1172,Cinema Paradiso (1988),Comedy|Drama|Romance,1988 Cinema Paradiso
1174,Grosse Fatigue (1994),Comedy,1994 Fatigue Grosse
1176,"Double Life of Veronique, The (La Double Vie de Véronique) (1991)",Drama,1991 Double Double La Life Veronique Vie Véronique de of
1181,"Shooter, The (1995)",Action,1995 Shooter
1185,My Left Foot (1989),Drama,1989 Foot Left My
1190,Tie Me Up! Tie Me Down! (1990),Drama,! ! 1990 Down Me Me Tie Tie Up
1201,"Good, The Bad and The Ugly, The (1966)",Action|Western,1966 Bad Good Ugly and
1202,Withnail and I (1987),Comedy,1987 I Withnail and
1209,Once Upon a Time in the West (1969),Western,1969 Once Time Upon West a in
1211,Wings of Desire (Der Himmel über Berlin) (1987),Comedy|Drama|Romance,1987 Berlin Der Desire Himmel Wings of über
1213,GoodFellas (1990),Crime|Drama,1990 GoodFellas
1215,Army of Darkness (1993),Action|Adventure|Comedy|Horror|Sci-Fi,1993 Army Darkness of
1216,"Big Blue, The (Le Grand Bleu) (1988)",Adventure|Romance,1988 Big Bleu Blue Grand Le
1218,"Killer, The (Die xue shuang xiong) (1989)",Action|Thriller,1989 Die Killer shuang xiong xue
1223,"Grand Day Out, A (1992)",Animation|Comedy,1992 A Day Grand Out
1233,"Boat, The (Das Boot) (1981)",Action|Drama|War,1981 Boat Boot Das
1237,"Seventh Seal, The (Sjunde inseglet, Det) (1957)",Drama,1957 Det Seal Seventh Sjunde inseglet
1243,Rosencrantz and Guildenstern Are Dead (1990),Comedy|Drama,1990 Are Dead Guildenstern Rosencrantz and
1249,Nikita (La Femme Nikita) (1990),Thriller,1990 Femme La Nikita Nikita
1251,8 1/2 (1963),Drama,1/2 1963 8
1260,M (1931),Crime|Film-Noir|Thriller,1931 M
1261,Evil Dead II (Dead By Dawn) (1987),Action|Adventure|Comedy|Horror,1987 By Dawn Dead Dead Evil II
1280,Raise the Red Lantern (1991),Drama,1991 Lantern Raise Red
1289,Koyaanisqatsi (1983),Documentary|War,1983 Koyaanisqatsi
1294,M*A*S*H (1970),Comedy|War,* * * 1970 A H M S
1296,"Room with a View, A (1986)",Drama|Romance,1986 A Room View a with
1298,Pink Floyd - The Wall (1982),Drama|Musical|War,- 1982 Floyd Pink Wall
1300,My Life as a Dog (Mitt liv som hund) (1985),Drama,1985 Dog Life Mitt My a as hund liv som
1306,Until the End of the World (Bis ans Ende der Welt) (1991),Drama|Sci-Fi,1991 Bis End Ende Until Welt World ans der of
1308,I Shot a Man in Vegas (1995),Comedy,1995 I Man Shot Vegas a in
1309,Parallel Sons (1995),Drama|Romance,1995 Parallel Sons
1311,Santa with Muscles (1996),Comedy,1996 Muscles Santa with
1313,Mad Dog Time (1996),Crime,1996 Dog Mad Time
1314,Breathing Room (1996),Romance,1996 Breathing Room
1315,Paris Was a Woman (1995),Documentary,1995 Paris Was Woman a
1316,Anna (1996),Drama,1996 Anna
1317,I'm Not Rappaport (1996),Comedy,'m 1996 I Not Rappaport
1319,Kids of Survival (1993),Documentary,1993 Kids Survival of
1320,Alien³ (1992),Action|Horror|Sci-Fi|Thriller,1992 Alien³
1329,Blood For Dracula (Andy Warhol's Dracula) (1974),Horror,'s 1974 Andy Blood Dracula Dracula For Warhol
1335,Blood Beach (1981),Action|Horror,1981 Beach Blood
1339,Bram Stoker's Dracula (1992),Horror|Romance,'s 1992 Bram Dracula Stoker
1348,"Nosferatu (Nosferatu, eine Symphonie des Grauens) (1922)",Horror,1922 Grauens Nosferatu Nosferatu Symphonie des eine
1349,Nosferatu a Venezia (1986),Horror,1986 Nosferatu Venezia a
1351,Blood & Wine (1997),Drama,& 1997 Blood Wine
1360,Identification of a Woman (Identificazione di una donna) (1982),Drama,1982 Identification Identificazione Woman a di donna of una
1362,"Garden of Finzi-Contini, The (Giardino dei Finzi-Contini, Il) (1970)",Drama,1970 Finzi-Contini Finzi-Contini Garden Giardino Il dei of
1364,Zero Kelvin (Kjærlighetens kjøtere) (1995),Action,1995 Kelvin Kjærlighetens Zero kjøtere
1368,"Forbidden Christ, The (Cristo proibito, Il) (1950)",Drama,1950 Christ Cristo Forbidden Il proibito
1369,I Can't Sleep (J'ai pas sommeil) (1994),Drama|Thriller,1994 Ca I J'ai Sleep n't pas sommeil
1374,Star Trek: The Wrath of Khan (1982),Action|Adventure|Sci-Fi,1982 : Khan Star Trek Wrath of
1383,Adrenalin: Fear the Rush (1996),Action|Sci-Fi,1996 : Adrenalin Fear Rush
1384,"Substance of Fire, The (1996)",Drama,1996 Fire Substance of
1386,Terror in a Texas Town (1958),Western,1958 Terror Texas Town a in
1400,Somebody is Waiting (1996),Drama,1996 Somebody Waiting is
1404,Night Falls on Manhattan (1997),Crime|Drama,1997 Falls Manhattan Night on
1405,Beavis and Butt-head Do America (1996),Animation|Comedy,1996 America Beavis Butt-head Do and
1406,"Cérémonie, La (1995)",Drama,1995 Cérémonie La
1410,"Evening Star, The (1996)",Comedy|Drama,1996 Evening Star
1415,"Thieves (Voleurs, Les) (1996)",Crime|Drama|Romance,1996 Les Thieves Voleurs
1420,Message to Love: The Isle of Wight Festival (1996),Documentary,1996 : Festival Isle Love Message Wight of to
1421,Grateful Dead (1995),Documentary,1995 Dead Grateful
1423,Hearts and Minds (1996),Drama,1996 Hearts Minds and
1424,Inside (1996),Action,1996 Inside
1429,Jackie Chan's First Strike (1996),Action,'s 1996 Chan First Jackie Strike
1430,Underworld (1997),Thriller,1997 Underworld
1433,"Machine, The (1994)",Comedy|Horror,1994 Machine
1434,"Stranger, The (1994)",Action,1994 Stranger
1436,Falling in Love Again (1980),Comedy,1980 Again Falling Love in
1443,"Tickle in the Heart, A (1996)",Documentary,1996 A Heart Tickle in
1444,Guantanamera (1994),Comedy,1994 Guantanamera
1446,Kolya (1996),Comedy,1996 Kolya
1448,Fire on the Mountain (1996),Documentary,1996 Fire Mountain on
1450,Prisoner of the Mountains (Kavkazsky Plennik) (1996),War,1996 Kavkazsky Mountains Plennik Prisoner of
1454,SubUrbia (1997),Comedy,1997 SubUrbia
1455,Hotel de Love (1996),Comedy|Romance,1996 Hotel Love de
1460,That Darn Cat! (1997),Children's|Comedy|Mystery,! 1997 Cat Darn That
1462,Unforgotten: Twenty-Five Years After Willowbrook (1996),Documentary,1996 : After Twenty-Five Unforgotten Willowbrook Years
1463,That Old Feeling (1997),Comedy|Romance,1997 Feeling Old That
1467,Salut cousin! (1996),Comedy|Drama,! 1996 Salut cousin
1470,Rhyme & Reason (1997),Documentary,& 1997 Reason Rhyme
1471,Boys Life 2 (1997),Drama,1997 2 Boys Life
1472,City of Industry (1997),Crime|Thriller,1997 City Industry of
1474,Jungle2Jungle (a.k.a. Jungle 2 Jungle) (1997),Children's|Comedy,. 1997 2 Jungle Jungle Jungle2Jungle a.k.a
1482,"Van, The (1996)",Comedy|Drama,1996 Van
1486,"Quiet Room, The (1996)",Drama,1996 Quiet Room
1501,Keys to Tulsa (1997),Crime,1997 Keys Tulsa to
1504,Hollow Reed (1996),Drama,1996 Hollow Reed
1508,Traveller (1997),Drama,1997 Traveller
1509,All Over Me (1997),Drama,1997 All Me Over
1510,"Brother's Kiss, A (1997)",Drama,'s 1997 A Brother Kiss
1511,A Chef in Love (1996),Comedy,1996 A Chef Love in
1514,Temptress Moon (Feng Yue) (1996),Romance,1996 Feng Moon Temptress Yue
1520,Commandments (1997),Romance,1997 Commandments
1522,Ripe (1996),Drama,1996 Ripe
1523,"Truth or Consequences, N.M. (1997)",Action|Crime|Romance,1997 Consequences N.M. Truth or
1524,"Turning, The (1992)",Drama,1992 Turning
1525,Warriors of Virtue (1997),Action|Adventure|Children's|Fantasy,1997 Virtue Warriors of
1528,Intimate Relations (1996),Comedy,1996 Intimate Relations
1531,Losing Chase (1996),Drama,1996 Chase Losing
1532,Sprung (1997),Comedy,1997 Sprung
1533,"Promise, The (La Promesse) (1996)",Drama,1996 La Promesse Promise
1534,"Bonheur, Le (1965)",Drama,1965 Bonheur Le
1535,Love! Valour! Compassion! (1997),Drama|Romance,! ! ! 1997 Compassion Love Valour
1537,Shall We Dance? (Shall We Dansu?) (1996),Comedy,1996 ? ? Dance Dansu Shall Shall We We
1538,"Second Jungle Book: Mowgli & Baloo, The (1997)",Adventure|Children's,& 1997 : Baloo Book Jungle Mowgli Second
1539,Twin Town (1997),Comedy|Crime,1997 Town Twin
1543,"Designated Mourner, The (1997)",Drama,1997 Designated Mourner
1547,Shiloh (1997),Children's|Drama,1997 Shiloh
1548,"War at Home, The (1996)",Drama,1996 Home War at
1553,Late Bloomers (1996),Comedy,1996 Bloomers Late
1554,"Pillow Book, The (1995)",Drama|Romance,1995 Book Pillow
1555,"To Have, or Not (1995)",Drama,1995 Have Not To or
1557,Squeeze (1996),Drama,1996 Squeeze
1558,Sudden Manhattan (1996),Comedy,1996 Manhattan Sudden
1559,"Next Step, The (1995)",Drama,1995 Next Step
1561,Wedding Bell Blues (1996),Comedy,1996 Bell Blues Wedding
1563,Dream With the Fishes (1997),Drama,1997 Dream Fishes With
1564,Roseanna's Grave (For Roseanna) (1997),Comedy|Romance,'s 1997 For Grave Roseanna Roseanna
1567,"Last Time I Committed Suicide, The (1997)",Drama,1997 Committed I Last Suicide Time
1568,MURDER and murder (1996),Crime|Drama|Mystery,1996 MURDER and murder
1570,Tetsuo II: Body Hammer (1992),Sci-Fi,1992 : Body Hammer II Tetsuo
1571,When the Cats Away (Chacun cherche son chat) (1996),Comedy|Romance,1996 Away Cats Chacun When chat cherche son
1572,Contempt (Le Mépris) (1963),Drama,1963 Contempt Le Mépris
1575,Gabbeh (1996),Drama,1996 Gabbeh
1577,Mondo (1996),Drama,1996 Mondo
1578,"Innocent Sleep, The (1995)",Crime,1995 Innocent Sleep
1579,For Ever Mozart (1996),Drama,1996 Ever For Mozart
1595,Free Willy 3: The Rescue (1997),Adventure|Children's|Drama,1997 3 : Free Rescue Willy
1609,187 (1997),Drama,187 1997
1622,Kicked in the Head (1997),Comedy|Drama,1997 Head Kicked in
1628,"Locusts, The (1997)",Drama,1997 Locusts
1630,"Lay of the Land, The (1997)",Comedy|Drama,1997 Land Lay of
1632,"Smile Like Yours, A (1997)",Comedy|Romance,1997 A Like Smile Yours
1636,Stag (1997),Action|Thriller,1997 Stag
1640,How to Be a Player (1997),Comedy,1997 Be How Player a to
1642,Indian Summer (a.k.a. Alive & Kicking) (1996),Comedy|Drama,& . 1996 Alive Indian Kicking Summer a.k.a
1643,"Mrs. Brown (Her Majesty, Mrs. Brown) (1997)",Drama|Romance,1997 Brown Brown Her Majesty Mrs. Mrs.
1646,Rocket Man (1997),Comedy,1997 Man Rocket
1651,Telling Lies in America (1997),Drama,1997 America Lies Telling in
1657,Wonderland (1997),Documentary,1997 Wonderland
1659,Hurricane Streets (1998),Drama,1998 Hurricane Streets
1664,Nénette et Boni (1996),Drama,1996 Boni Nénette et
1666,Hugo Pool (1997),Romance,1997 Hugo Pool
1668,One Night Stand (1997),Drama,1997 Night One Stand
1669,"Tango Lesson, The (1997)",Romance,1997 Lesson Tango
1670,Welcome To Sarajevo (1997),Drama|War,1997 Sarajevo To Welcome
1684,Mrs. Dalloway (1997),Romance,1997 Dalloway Mrs.
1692,Alien Escape (1995),Horror|Sci-Fi,1995 Alien Escape
1697,"Big Bang Theory, The (1994)",Crime,1994 Bang Big Theory
1698,"Boys, Les (1997)",Comedy,1997 Boys Les
1699,"Butcher Boy, The (1998)",Drama,1998 Boy Butcher
1705,Guy (1996),Drama,1996 Guy
1706,Harlem River Drive (1996),Drama,1996 Drive Harlem River
1708,Ill Gotten Gains (1997),Drama,1997 Gains Gotten Ill
1709,Legal Deceit (1997),Thriller,1997 Deceit Legal
1710,Man of Her Dreams (1996),Drama,1996 Dreams Her Man of
1713,Mouse Hunt (1997),Children's|Comedy,1997 Hunt Mouse
1714,Never Met Picasso (1996),Romance,1996 Met Never Picasso
1715,Office Killer (1997),Thriller,1997 Killer Office
1716,"Other Voices, Other Rooms (1997)",Drama,1997 Other Other Rooms Voices
1720,Time Tracers (1995),Action|Adventure|Sci-Fi,1995 Time Tracers
1723,Twisted (1996),Comedy|Drama,1996 Twisted
1724,Full Speed (1996),Drama,1996 Full Speed
1725,"Education of Little Tree, The (1997)",Drama,1997 Education Little Tree of
1728,"Winter Guest, The (1997)",Drama,1997 Guest Winter
1734,My Life in Pink (Ma vie en rose) (1997),Comedy|Drama,1997 Life Ma My Pink en in rose vie
1738,Vermin (1998),Comedy,1998 Vermin
1739,3 Ninjas: High Noon On Mega Mountain (1998),Action|Children's,1998 3 : High Mega Mountain Ninjas Noon On
1740,Men of Means (1998),Action|Drama,1998 Means Men of
1741,"Midaq Alley (Callejón de los milagros, El) (1995)",Drama,1995 Alley Callejón El Midaq de los milagros
1742,Caught Up (1998),Crime,1998 Caught Up
1743,Arguing the World (1996),Documentary,1996 Arguing World
1744,Firestorm (1998),Action|Adventure|Thriller,1998 Firestorm
1749,"Leading Man, The (1996)",Romance,1996 Leading Man
1750,Star Kid (1997),Adventure|Children's|Fantasy|Sci-Fi,1997 Kid Star
1756,"Prophecy II, The (1998)",Horror,1998 II Prophecy
1757,Duoluo tianshi (1995),Drama,1995 Duoluo tianshi
1759,Four Days in September (1997),Drama,1997 Days Four September in
1764,Tainted (1998),Comedy|Thriller,1998 Tainted
1765,"Letter From Death Row, A (1998)",Crime|Drama,1998 A Death From Letter Row
1767,Music From Another Room (1998),Drama|Romance,1998 Another From Music Room
1768,Mat' i syn (1997),Drama,1997 Mat i syn
1773,Tokyo Fist (1995),Action|Drama,1995 Fist Tokyo
1774,Mass Transit (1998),Comedy|Drama,1998 Mass Transit
1776,Ride (1998),Drama,1998 Ride
1780,Ayn Rand: A Sense of Life (1997),Documentary,1997 : A Ayn Life Rand Sense of
1781,"Further Gesture, A (1996)",Drama,1996 A Further Gesture
1782,Little City (1998),Comedy|Romance,1998 City Little
1784,As Good As It Gets (1997),Comedy|Drama,1997 As As Gets Good It
1787,"Paralyzing Fear: The Story of Polio in America, A (1998)",Documentary,1998 : A America Fear Paralyzing Polio Story in of
1788,Men With Guns (1997),Action|Drama,1997 Guns Men With
1789,"Sadness of Sex, The (1995)",Drama,1995 Sadness Sex of
1792,U.S. Marshalls (1998),Action|Thriller,1998 Marshalls U.S.
1793,Welcome to Woop-Woop (1997),Comedy,1997 Welcome Woop-Woop to
1795,"Callejón de los milagros, El (1995)",Drama,1995 Callejón El de los milagros
1796,In God's Hands (1998),Action|Drama,'s 1998 God Hands In
1811,"Niagara, Niagara (1997)",Drama,1997 Niagara Niagara
1814,"Price Above Rubies, A (1998)",Drama,1998 A Above Price Rubies
1815,Eden (1997),Drama,1997 Eden
1817,No Looking Back (1998),Comedy|Drama|Romance,1998 Back Looking No
1819,Storefront Hitchcock (1997),Drama,1997 Hitchcock Storefront
1820,"Proposition, The (1998)",Drama,1998 Proposition
1822,Meet the Deedles (1998),Children's|Comedy,1998 Deedles Meet
1825,"Player's Club, The (1998)",Action|Drama,'s 1998 Club Player
1830,Follow the Bitch (1998),Comedy,1998 Bitch Follow
1832,Heaven's Burning (1997),Action|Drama,'s 1997 Burning Heaven
1842,Illtown (1996),Crime|Drama,1996 Illtown
1843,Slappy and the Stinkers (1998),Children's|Comedy,1998 Slappy Stinkers and
1844,Live Flesh (1997),Drama,1997 Flesh Live
1846,Nil By Mouth (1997),Drama,1997 By Mouth Nil
1847,Ratchet (1996),Drama|Thriller,1996 Ratchet
1849,Prince Valiant (1997),Adventure,1997 Prince Valiant
1850,"I Love You, Don't Touch Me! (1998)",Drama|Romance,! 1998 Do I Love Me Touch You n't
1851,Leather Jacket Love Story (1997),Drama|Romance,1997 Jacket Leather Love Story
1852,Love Walked In (1998),Drama|Thriller,1998 In Love Walked
1853,"Alan Smithee Film: Burn Hollywood Burn, An (1997)",Comedy,1997 : Alan An Burn Burn Film Hollywood Smithee
1854,Kissing a Fool (1998),Comedy|Romance,1998 Fool Kissing a
1858,Mr. Nice Guy (1997),Action|Comedy,1997 Guy Mr. Nice
1859,Taste of Cherry (1997),Drama,1997 Cherry Taste of
1860,Character (Karakter) (1997),Drama,1997 Character Karakter
1861,Junk Mail (1997),Comedy|Thriller,1997 Junk Mail
1864,Sour Grapes (1998),Comedy,1998 Grapes Sour
1865,Wild Man Blues (1998),Documentary,1998 Blues Man Wild
1868,"Truce, The (1996)",Drama|War,1996 Truce
1869,Black Dog (1998),Action|Thriller,1998 Black Dog
1871,"Friend of the Deceased, A (1997)",Comedy|Drama,1997 A Deceased Friend of
1872,Go Now (1995),Drama,1995 Go Now
1874,Still Breathing (1997),Comedy|Romance,1997 Breathing Still
1877,Little Men (1998),Drama,1998 Little Men
1878,Woo (1998),Comedy|Romance,1998 Woo
1879,"Hanging Garden, The (1997)",Drama,1997 Garden Hanging
1880,Lawn Dogs (1997),Drama,1997 Dogs Lawn
1885,"Opposite of Sex, The (1998)",Comedy|Drama,1998 Opposite Sex of
1886,I Got the Hook Up (1998),Comedy,1998 Got Hook I Up
1890,Little Boy Blue (1997),Drama,1997 Blue Boy Little
1893,Beyond Silence (1996),Drama,1996 Beyond Silence
1896,Cousin Bette (1998),Comedy,1998 Bette Cousin
1898,"Land Girls, The (1998)",Drama|War,1998 Girls Land
1899,Passion in the Desert (1998),Adventure|Drama,1998 Desert Passion in
1900,"Children of Heaven, The (Bacheha-Ye Aseman) (1997)",Drama,1997 Aseman Bacheha-Ye Children Heaven of
1901,Dear Jesse (1997),Documentary,1997 Dear Jesse
1903,Hav Plenty (1997),Comedy,1997 Hav Plenty
1905,Marie Baie Des Anges (1997),Drama,1997 Anges Baie Des Marie
1908,Resurrection Man (1998),Drama|Thriller,1998 Man Resurrection
1909,"X-Files: Fight the Future, The (1998)",Mystery|Sci-Fi|Thriller,1998 : Fight Future X-Files
1915,Voyage to the Beginning of the World (1997),Drama,1997 Beginning Voyage World of to
1916,Buffalo 66 (1998),Action|Comedy|Drama,1998 66 Buffalo
1924,Plan 9 from Outer Space (1958),Horror|Sci-Fi,1958 9 Outer Plan Space from
1925,Wings (1927),Drama|Romance|War,1927 Wings
1930,Cavalcade (1933),Drama,1933 Cavalcade
1933,"Life of Émile Zola, The (1937)",Drama,1937 Life Zola of Émile
1934,You Can't Take It With You (1938),Comedy,1938 Ca It Take With You You n't
1935,How Green Was My Valley (1941),Drama,1941 Green How My Valley Was
1943,"Greatest Show on Earth, The (1952)",Drama,1952 Earth Greatest Show on
1955,Kramer Vs. Kramer (1979),Drama,1979 Kramer Kramer Vs.
1972,"Nightmare on Elm Street 5: The Dream Child, A (1989)",Horror,1989 5 : A Child Dream Elm Nightmare Street on
1976,Friday the 13th Part 3: 3D (1982),Horror,13th 1982 3 3D : Friday Part
1978,Friday the 13th Part V: A New Beginning (1985),Horror,13th 1985 : A Beginning Friday New Part V
1984,Halloween III: Season of the Witch (1983),Horror,1983 : Halloween III Season Witch of
1988,Hello Mary Lou: Prom Night II (1987),Horror,1987 : Hello II Lou Mary Night Prom
1989,Prom Night III: The Last Kiss (1989),Horror,1989 : III Kiss Last Night Prom
1990,Prom Night IV: Deliver Us From Evil (1992),Horror,1992 : Deliver Evil From IV Night Prom Us
1993,Child's Play 3 (1992),Horror,'s 1992 3 Child Play
2008,"This World, Then the Fireworks (1996)",Crime|Drama|Film-Noir,1996 Fireworks Then This World
2010,Metropolis (1926),Sci-Fi,1926 Metropolis
2014,Freaky Friday (1977),Children's|Comedy,1977 Freaky Friday
2019,Seven Samurai (The Magnificent Seven) (Shichinin no samurai) (1954),Action|Drama,1954 Magnificent Samurai Seven Seven Shichinin no samurai
2027,Mafia! (1998),Comedy|Crime,! 1998 Mafia
2029,Billy's Hollywood Screen Kiss (1997),Comedy|Romance,'s 1997 Billy Hollywood Kiss Screen
2030,East Palace West Palace (Dong gong xi gong) (1997),Drama,1997 Dong East Palace Palace West gong gong xi
2031,"$1,000,000 Duck (1971)",Children's|Comedy,"$ 1,000,000 1971 Duck"
2039,Cheetah (1989),Adventure|Children's,1989 Cheetah
2040,"Computer Wore Tennis Shoes, The (1970)",Children's|Comedy,1970 Computer Shoes Tennis Wore
2045,"Far Off Place, A (1993)",Adventure|Children's|Drama|Romance,1993 A Far Off Place
2047,"Gnome-Mobile, The (1967)",Children's,1967 Gnome-Mobile
2049,"Happiest Millionaire, The (1967)",Comedy|Musical,1967 Happiest Millionaire
2061,Full Tilt Boogie (1997),Documentary,1997 Boogie Full Tilt
2062,"Governess, The (1998)",Drama|Romance,1998 Governess
2063,Seventh Heaven (Le Septième ciel) (1997),Drama|Romance,1997 Heaven Le Septième Seventh ciel
2068,Fanny and Alexander (1982),Drama,1982 Alexander Fanny and
2072,"'burbs, The (1989)",Comedy,'burbs 1989
2074,"Night Porter, The (Il Portiere di notte) (1974)",Drama,1974 Il Night Porter Portiere di notte
2079,Kidnapped (1960),Children's|Drama,1960 Kidnapped
2085,101 Dalmatians (1961),Animation|Children's,101 1961 Dalmatians
2086,One Magic Christmas (1985),Drama|Fantasy,1985 Christmas Magic One
2092,"Return of Jafar, The (1993)",Animation|Children's|Musical,1993 Jafar Return of
2095,"Shaggy D.A., The (1976)",Children's|Comedy,1976 D.A. Shaggy
2101,Squanto: A Warrior's Tale (1994),Adventure|Drama,'s 1994 : A Squanto Tale Warrior
2102,Steamboat Willie (1940),Animation|Children's|Comedy|Musical,1940 Steamboat Willie
2103,Tall Tale (1994),Adventure|Children's,1994 Tale Tall
2107,Halloween: H20 (1998),Horror|Thriller,1998 : H20 Halloween
2113,Graveyard Shift (1990),Horror|Thriller,1990 Graveyard Shift
2125,Ever After: A Cinderella Story (1998),Drama|Romance,1998 : A After Cinderella Ever Story
2127,"First Love, Last Rites (1997)",Drama|Romance,1997 First Last Love Rites
2128,Safe Men (1998),Comedy,1998 Men Safe
2129,"Saltmen of Tibet, The (1997)",Documentary,1997 Saltmen Tibet of
2130,Atlantic City (1980),Crime|Drama|Romance,1980 Atlantic City
2131,Autumn Sonata (Höstsonaten ) (1978),Drama,1978 Autumn Höstsonaten Sonata
2148,House (1986),Comedy|Horror,1986 House
2156,"Best Man, The (Il Testimone dello sposo) (1997)",Comedy|Drama,1997 Best Il Man Testimone dello sposo
2157,"Chambermaid on the Titanic, The (1998)",Romance,1998 Chambermaid Titanic on
2158,"Henry: Portrait of a Serial Killer, Part 2 (1996)",Crime|Horror,1996 2 : Henry Killer Part Portrait Serial a of
2159,Henry: Portrait of a Serial Killer (1990),Crime|Horror,1990 : Henry Killer Portrait Serial a of
2163,Attack of the Killer Tomatoes! (1980),Comedy|Horror,! 1980 Attack Killer Tomatoes of
2165,Your Friends and Neighbors (1998),Drama,1998 Friends Neighbors Your and
2168,Dance with Me (1998),Drama|Romance,1998 Dance Me with
2172,"Strike! (a.k.a. All I Wanna Do, The Hairy Bird) (1998)",Comedy,! . 1998 All Bird Do Hairy I Strike Wan a.k.a na
2173,"Navigator: A Mediaeval Odyssey, The (1988)",Adventure|Fantasy|Sci-Fi,1988 : A Mediaeval Navigator Odyssey
2189,I Married A Strange Person (1997),Animation,1997 A I Married Person Strange
2190,Why Do Fools Fall In Love? (1998),Drama,1998 ? Do Fall Fools In Love Why
2191,"Merry War, A (1997)",Comedy,1997 A Merry War
2192,See the Sea (Regarde la mer) (1997),Drama,1997 Regarde Sea See la mer
2197,Firelight (1997),Drama,1997 Firelight
2198,Modulations (1998),Documentary,1998 Modulations
2199,Phoenix (1998),Crime|Drama,1998 Phoenix
2200,Under Capricorn (1949),Drama,1949 Capricorn Under
2209,Young and Innocent (1937),Crime|Thriller,1937 Innocent Young and
2213,Waltzes from Vienna (1933),Comedy|Musical,1933 Vienna Waltzes from
2214,Number Seventeen (1932),Thriller,1932 Number Seventeen
2215,Rich and Strange (1932),Comedy|Romance,1932 Rich Strange and
2216,"Skin Game, The (1931)",Drama,1931 Game Skin
2217,Elstree Calling (1930),Comedy|Musical,1930 Calling Elstree
2218,Juno and Paycock (1930),Drama,1930 Juno Paycock and
2219,Murder! (1930),Mystery|Thriller,! 1930 Murder
2220,"Manxman, The (1929)",Drama,1929 Manxman
2221,Blackmail (1929),Thriller,1929 Blackmail
2222,Champagne (1928),Comedy,1928 Champagne
2223,"Farmer's Wife, The (1928)",Comedy,'s 1928 Farmer Wife
2224,Downhill (1927),Drama,1927 Downhill
2225,Easy Virtue (1927),Drama,1927 Easy Virtue
2227,"Lodger, The (1926)",Thriller,1926 Lodger
2228,"Mountain Eagle, The (1926)",Drama,1926 Eagle Mountain
2229,"Pleasure Garden, The (1925)",Drama,1925 Garden Pleasure
2230,Always Tell Your Wife (1923),Comedy,1923 Always Tell Wife Your
2233,Digging to China (1998),Drama,1998 China Digging to
2234,Let's Talk About Sex (1998),Drama,'s 1998 About Let Sex Talk
2235,One Man's Hero (1999),Drama|War,'s 1999 Hero Man One
2237,Without Limits (1998),Drama,1998 Limits Without
2238,Seven Beauties (Pasqualino Settebellezze) (1976),Comedy|Drama,1976 Beauties Pasqualino Settebellezze Seven
2239,Swept Away (Travolti da un insolito destino nell'azzurro mare d'Agosto) (1975),Comedy|Drama,1975 Away Swept Travolti d'Agosto da destino insolito mare nell'azzurro un
2242,"Grandview, U.S.A. (1984)",Drama,1984 Grandview U.S.A.
2246,Stars and Bars (1988),Comedy,1988 Bars Stars and
2250,Men Don't Leave (1990),Drama,1990 Do Leave Men n't
2251,"Cabinet of Dr. Ramirez, The (1991)",Comedy,1991 Cabinet Dr. Ramirez of
2254,Choices (1981),Drama,1981 Choices
2258,Master Ninja I (1984),Action,1984 I Master Ninja
2270,"Century of Cinema, A (1994)",Documentary,1994 A Century Cinema of
2274,Lilian's Story (1995),Drama,'s 1995 Lilian Story
2276,"Soldier's Daughter Never Cries, A (1998)",Drama,'s 1998 A Cries Daughter Never Soldier
2277,Somewhere in the City (1997),Drama,1997 City Somewhere in
2281,Monument Ave. (1998),Crime,1998 Ave. Monument
2284,Bandit Queen (1994),Drama,1994 Bandit Queen
2285,If.... (1968),Drama,.... 1968 If
2292,Overnight Delivery (1996),Romance,1996 Delivery Overnight
2293,Shadrach (1998),Drama,1998 Shadrach
2299,"Battle of the Sexes, The (1959)",Comedy,1959 Battle Sexes of
2300,"Producers, The (1968)",Comedy|Musical,1968 Producers
2304,Love Is the Devil (1998),Drama,1998 Devil Is Love
2305,Slam (1998),Drama,1998 Slam
2308,Detroit 9000 (1973),Action|Crime,1973 9000 Detroit
2309,"Inheritors, The (Die Siebtelbauern) (1998)",Drama,1998 Die Inheritors Siebtelbauern
2311,2010 (1984),Mystery|Sci-Fi,1984 2010
2317,"Alarmist, The (1997)",Comedy,1997 Alarmist
2319,Reach the Rock (1997),Comedy,1997 Reach Rock
2324,Life Is Beautiful (La Vita è bella) (1997),Comedy|Drama,1997 Beautiful Is La Life Vita bella è
2326,Shattered Image (1998),Drama|Thriller,1998 Image Shattered
2330,Hands on a Hard Body (1996),Documentary,1996 Body Hands Hard a on
2339,I'll Be Home For Christmas (1998),Comedy|Romance,'ll 1998 Be Christmas For Home I
2341,Dancing at Lughnasa (1998),Drama,1998 Dancing Lughnasa at
2343,"Naked Man, The (1998)",Drama,1998 Man Naked
2345,Desert Bloom (1986),Drama,1986 Bloom Desert
2351,Nights of Cabiria (Le Notti di Cabiria) (1957),Drama,1957 Cabiria Cabiria Le Nights Notti di of
2357,Central Station (Central do Brasil) (1998),Drama,1998 Brasil Central Central Station do
2359,Waking Ned Devine (1998),Comedy,1998 Devine Ned Waking
2360,"Celebration, The (Festen) (1998)",Drama,1998 Celebration Festen
2363,Godzilla (Gojira) (1954),Action|Sci-Fi,1954 Godzilla Gojira
2364,Godzilla (Gojira) (1984),Action|Sci-Fi,1984 Godzilla Gojira
2365,King Kong vs. Godzilla (Kingukongu tai Gojira) (1962),Action|Sci-Fi,1962 Godzilla Gojira King Kingukongu Kong tai vs.
2386,Jerry Springer: Ringmaster (1998),Drama,1998 : Jerry Ringmaster Springer
2388,Steam: The Turkish Bath (Hamam) (1997),Drama|Romance,1997 : Bath Hamam Steam Turkish
2397,Mass Appeal (1984),Drama,1984 Appeal Mass
2422,"Karate Kid III, The (1989)",Action|Adventure|Drama,1989 III Karate Kid
2423,Christmas Vacation (1989),Comedy,1989 Christmas Vacation
2426,"Theory of Flight, The (1998)",Comedy|Drama|Romance,1998 Flight Theory of
2434,Down in the Delta (1998),Drama,1998 Delta Down in
2436,Tea with Mussolini (1999),Comedy,1999 Mussolini Tea with
2437,Wilde (1997),Drama,1997 Wilde
2438,Outside Ozona (1998),Drama|Thriller,1998 Outside Ozona
2440,Another Day in Paradise (1998),Drama,1998 Another Day Paradise in
2441,"Hi-Lo Country, The (1998)",Drama|Western,1998 Country Hi-Lo
2444,24 7: Twenty Four Seven (1997),Comedy|Drama,1997 24 7 : Four Seven Twenty
2449,"Garbage Pail Kids Movie, The (1987)",Adventure|Children's,1987 Garbage Kids Movie Pail
2452,"Gate II: Trespassers, The (1990)",Horror,1990 : Gate II Trespassers
2459,"Texas Chainsaw Massacre, The (1974)",Horror,1974 Chainsaw Massacre Texas
2461,Leatherface: Texas Chainsaw Massacre III (1990),Horror,1990 : Chainsaw III Leatherface Massacre Texas
2462,"Return of the Texas Chainsaw Massacre, The (1994)",Horror,1994 Chainsaw Massacre Return Texas of
2464,Trick or Treat (1986),Horror,1986 Treat Trick or
2466,Belizaire the Cajun (1986),Drama,1986 Belizaire Cajun
2467,"Name of the Rose, The (1986)",Mystery,1986 Name Rose of
2470,Crocodile Dundee (1986),Adventure|Comedy,1986 Crocodile Dundee
2471,Crocodile Dundee II (1988),Adventure|Comedy,1988 Crocodile Dundee II
2478,Three Amigos! (1986),Comedy|Western,! 1986 Amigos Three
2479,Gloria (1999),Drama|Thriller,1999 Gloria
2480,Dry Cleaning (Nettoyage à sec) (1997),Drama,1997 Cleaning Dry Nettoyage sec à
2483,"Day of the Beast, The (El Día de la bestia) (1995)",Comedy|Horror|Thriller,1995 Beast Day Día El bestia de la of
2484,Tinseltown (1998),Comedy,1998 Tinseltown
2486,24-hour Woman (1998),Drama,1998 24-hour Woman
2487,"Blood, Guts, Bullets and Octane (1998)",Action|Comedy,1998 Blood Bullets Guts Octane and
2489,Spanish Fly (1998),Drama,1998 Fly Spanish
2493,"Harmonists, The (1997)",Drama,1997 Harmonists
2495,"Fantastic Planet, The (La Planète sauvage) (1973)",Animation|Sci-Fi,1973 Fantastic La Planet Planète sauvage
2499,God Said 'Ha!' (1998),Comedy,! 'Ha 1998 God Said
2503,"Apple, The (Sib) (1998)",Drama,1998 Apple Sib
2507,Breakfast of Champions (1999),Comedy,1999 Breakfast Champions of
2508,"Breaks, The (1999)",Drama,1999 Breaks
2509,Eight Days a Week (1997),Comedy,1997 Days Eight Week a
2510,Just the Ticket (1999),Comedy|Romance,1999 Just Ticket
2512,"Ballad of Narayama, The (Narayama Bushiko) (1982)",Drama,1982 Ballad Bushiko Narayama Narayama of
2515,Children of the Corn II: The Final Sacrifice (1993),Horror,1993 : Children Corn Final II Sacrifice of
2516,Children of the Corn III (1994),Horror,1994 Children Corn III of
2519,House on Haunted Hill (1958),Horror,1958 Haunted Hill House on
2536,"Concorde: Airport '79, The (1979)",Drama,'79 1979 : Airport Concorde
2542,"Lock, Stock & Two Smoking Barrels (1998)",Comedy|Crime|Thriller,& 1998 Barrels Lock Smoking Stock Two
2543,Six Ways to Sunday (1997),Comedy,1997 Six Sunday Ways to
2544,"School of Flesh, The (L' École de la chair) (1998)",Drama,1998 Flesh L School chair de la of École
2545,Relax... It's Just Sex (1998),Comedy,'s ... 1998 It Just Relax Sex
2547,Harvest (1998),Drama,1998 Harvest
2554,Children of the Damned (1963),Horror|Sci-Fi|Thriller,1963 Children Damned of
2556,Telling You (1998),Comedy|Drama|Romance,1998 Telling You
2557,I Stand Alone (Seul contre tous) (1998),Drama,1998 Alone I Seul Stand contre tous
2562,Bandits (1997),Drama,1997 Bandits
2563,Beauty (1998),Drama,1998 Beauty
2564,"Empty Mirror, The (1999)",Drama,1999 Empty Mirror
2567,EDtv (1999),Comedy,1999 EDtv
2569,Among Giants (1998),Drama|Romance,1998 Among Giants
2575,"Dreamlife of Angels, The (La Vie rêvée des anges) (1998)",Drama,1998 Angels Dreamlife La Vie anges des of rêvée
2576,"Love, etc. (1996)",Drama,. 1996 Love etc
2578,"Sticky Fingers of Time, The (1997)",Sci-Fi,1997 Fingers Sticky Time of
2582,Twin Dragons (Shuang long hui) (1992),Action|Comedy,1992 Dragons Shuang Twin hui long
2584,Foolish (1999),Comedy,1999 Foolish
2585,"Lovers of the Arctic Circle, The (Los Amantes del Círculo Polar) (1998)",Drama|Romance,1998 Amantes Arctic Circle Círculo Los Lovers Polar del of
2586,"Goodbye, Lover (1999)",Comedy|Crime|Thriller,1999 Goodbye Lover
2588,Clubland (1998),Drama,1998 Clubland
2591,Jeanne and the Perfect Guy (Jeanne et le garçon formidable) (1998),Comedy|Romance,1998 Guy Jeanne Jeanne Perfect and et formidable garçon le
2592,"Joyriders, The (1999)",Drama,1999 Joyriders
2593,"Monster, The (Il Mostro) (1994)",Comedy,1994 Il Monster Mostro
2594,Open Your Eyes (Abre los ojos) (1997),Drama|Romance|Sci-Fi,1997 Abre Eyes Open Your los ojos
2595,Photographer (Fotoamator) (1998),Documentary,1998 Fotoamator Photographer
2601,"Little Bit of Soul, A (1998)",Comedy,1998 A Bit Little Soul of
2602,Mighty Peking Man (Hsing hsing wang) (1977),Adventure|Sci-Fi,1977 Hsing Man Mighty Peking hsing wang
2603,Nô (1998),Drama,1998 Nô
2604,Let it Come Down: The Life of Paul Bowles (1998),Documentary,1998 : Bowles Come Down Let Life Paul it of
2608,Heaven (1998),Thriller,1998 Heaven
2609,"King of Masks, The (Bian Lian) (1996)",Drama,1996 Bian King Lian Masks of
2610,Three Seasons (1999),Drama,1999 Seasons Three
2611,"Winslow Boy, The (1998)",Drama,1998 Boy Winslow
2614,Chopping Mall (a.k.a. Killbots) (1986),Action|Horror|Sci-Fi,. 1986 Chopping Killbots Mall a.k.a
2619,Mascara (1999),Drama,1999 Mascara
2621,Xiu Xiu: The Sent-Down Girl (Tian yu) (1998),Drama|Romance,1998 : Girl Sent-Down Tian Xiu Xiu yu
2624,After Life (1998),Drama,1998 After Life
2625,Black Mask (Hak hap) (1996),Action,1996 Black Hak Mask hap
2626,Edge of Seventeen (1998),Comedy|Drama|Romance,1998 Edge Seventeen of
2627,Endurance (1998),Documentary|Drama,1998 Endurance
2630,Besieged (L' Assedio) (1998),Drama,1998 Assedio Besieged L
2631,Frogs for Snakes (1998),Comedy|Film-Noir|Thriller,1998 Frogs Snakes for
2632,"Saragossa Manuscript, The (Rekopis znaleziony w Saragossie) (1965)",Drama,1965 Manuscript Rekopis Saragossa Saragossie w znaleziony
2635,"Mummy's Curse, The (1944)",Horror,'s 1944 Curse Mummy
2636,"Mummy's Ghost, The (1944)",Horror,'s 1944 Ghost Mummy
2637,"Mummy's Hand, The (1940)",Horror,'s 1940 Hand Mummy
2638,"Mummy's Tomb, The (1942)",Horror,'s 1942 Mummy Tomb
2646,House of Dracula (1945),Horror,1945 Dracula House of
2647,House of Frankenstein (1944),Horror,1944 Frankenstein House of
2649,Son of Frankenstein (1939),Horror,1939 Frankenstein Son of
2650,"Ghost of Frankenstein, The (1942)",Horror,1942 Frankenstein Ghost of
2653,Son of Dracula (1943),Horror,1943 Dracula Son of
2655,Howling II: Your Sister Is a Werewolf (1985),Horror,1985 : Howling II Is Sister Werewolf Your a
2658,"Flying Saucer, The (1950)",Sci-Fi,1950 Flying Saucer
2660,"Thing From Another World, The (1951)",Sci-Fi,1951 Another From Thing World
2663,It Came from Beneath the Sea (1955),Sci-Fi,1955 Beneath Came It Sea from
2665,Earth Vs. the Flying Saucers (1956),Sci-Fi,1956 Earth Flying Saucers Vs.
2666,It Conquered the World (1956),Sci-Fi,1956 Conquered It World
2667,"Mole People, The (1956)",Sci-Fi,1956 Mole People
2673,Eternity and a Day (Mia eoniotita ke mia mera ) (1998),Drama,1998 Day Eternity Mia a and eoniotita ke mera mia
2675,Twice Upon a Yesterday (1998),Comedy|Drama|Romance,1998 Twice Upon Yesterday a
2678,Desert Blue (1999),Drama,1999 Blue Desert
2679,Finding North (1999),Drama|Romance,1999 Finding North
2680,Floating (1997),Drama,1997 Floating
2684,Taxman (1999),Comedy|Drama,1999 Taxman
2685,"Red Dwarf, The (Le Nain rouge) (1998)",Comedy|Drama,1998 Dwarf Le Nain Red rouge
2686,"Red Violin, The (Le Violon rouge) (1998)",Drama|Mystery,1998 Le Red Violin Violon rouge
2689,Get Bruce (1999),Documentary,1999 Bruce Get
2691,"Legend of 1900, The (Leggenda del pianista sull'oceano) (1998)",Drama,1900 1998 Legend Leggenda del of pianista sull'oceano
2692,Run Lola Run (Lola rennt) (1998),Action|Crime|Romance,1998 Lola Lola Run Run rennt
2695,"Boys, The (1997)",Drama,1997 Boys
2696,"Dinner Game, The (Le Dîner de cons) (1998)",Comedy,1998 Dinner Dîner Game Le cons de
2697,My Son the Fanatic (1998),Comedy|Drama|Romance,1998 Fanatic My Son
2698,Zone 39 (1997),Sci-Fi,1997 39 Zone
2700,"South Park: Bigger, Longer and Uncut (1999)",Animation|Comedy,1999 : Bigger Longer Park South Uncut and
2703,Broken Vessels (1998),Drama,1998 Broken Vessels
2704,"Lovers on the Bridge, The (Les Amants du Pont-Neuf) (1991)",Drama|Romance,1991 Amants Bridge Les Lovers Pont-Neuf du on
2705,"Late August, Early September (Fin août, début septembre) (1998)",Drama,1998 August Early Fin Late September août début septembre
2708,"Autumn Tale, An (Conte d'automne) (1998)",Romance,1998 An Autumn Conte Tale d'automne
2709,Muppets From Space (1999),Children's|Comedy,1999 From Muppets Space
2711,My Life So Far (1999),Drama,1999 Far Life My So
2714,"Wood, The (1999)",Drama,1999 Wood
2715,"Velocity of Gary, The (1998)",Comedy|Romance,1998 Gary Velocity of
2721,Trick (1999),Romance,1999 Trick
2731,"400 Blows, The (Les Quatre cents coups) (1959)",Drama,1959 400 Blows Les Quatre cents coups
2732,Jules and Jim (Jules et Jim) (1961),Drama,1961 Jim Jim Jules Jules and et
2740,"Kindred, The (1986)",Horror,1986 Kindred
2742,Ménage (Tenue de soirée) (1986),Comedy|Drama,1986 Ménage Tenue de soirée
2748,Allan Quartermain and the Lost City of Gold (1987),Action|Adventure,1987 Allan City Gold Lost Quartermain and of
2753,"Bedroom Window, The (1987)",Thriller,1987 Bedroom Window
2754,Deadtime Stories (1987),Horror,1987 Deadtime Stories
2755,Light of Day (1987),Drama,1987 Day Light of
2756,Wanted: Dead or Alive (1987),Action,1987 : Alive Dead Wanted or
2758,Plenty (1985),Drama,1985 Plenty
2760,"Gambler, The (A Játékos) (1997)",Drama,1997 A Gambler Játékos
2767,Illuminata (1998),Comedy,1998 Illuminata
2768,Stiff Upper Lips (1998),Comedy,1998 Lips Stiff Upper
2769,"Yards, The (1999)",Crime|Mystery,1999 Yards
2773,Alice and Martin (Alice et Martin) (1998),Drama,1998 Alice Alice Martin Martin and et
2776,"Marcello Mastroianni: I Remember Yes, I Remember (1997)",Documentary,1997 : I I Marcello Mastroianni Remember Remember Yes
2777,Cobra (1925),Drama,1925 Cobra
2778,Never Talk to Strangers (1995),Thriller,1995 Never Strangers Talk to
2780,"Raven, The (1963)",Comedy|Horror,1963 Raven
2781,"Tingler, The (1959)",Horror,1959 Tingler
2783,"Tomb of Ligeia, The (1965)",Horror,1965 Ligeia Tomb of
2785,Tales of Terror (1962),Horror,1962 Tales Terror of
2790,"Final Conflict, The (a.k.a. Omen III: The Final Conflict) (1981)",Horror,. 1981 : Conflict Conflict Final Final III Omen a.k.a
2794,European Vacation (1985),Comedy,1985 European Vacation
2795,Vacation (1983),Comedy,1983 Vacation
2800,Little Nemo: Adventures in Slumberland (1992),Animation|Children's,1992 : Adventures Little Nemo Slumberland in
2801,Oscar and Lucinda (a.k.a. Oscar & Lucinda) (1997),Drama|Romance,& . 1997 Lucinda Lucinda Oscar Oscar a.k.a and
2809,Love Stinks (1999),Comedy,1999 Love Stinks
2810,Perfect Blue (1997),Animation|Mystery,1997 Blue Perfect
2811,With Friends Like These... (1998),Comedy,... 1998 Friends Like These With
2813,"Source, The (1999)",Documentary,1999 Source
2814,"Bat, The (1959)",Horror,1959 Bat
2821,Male and Female (1919),Adventure|Drama,1919 Female Male and
2823,"Spiders, The (Die Spinnen, 1. Teil: Der Goldene See) (1919)",Action|Drama,. 1 1919 : Der Die Goldene See Spiders Spinnen Teil
2825,Rosie (1998),Drama,1998 Rosie
2830,Cabaret Balkan (Bure Baruta) (1998),Drama,1998 Balkan Baruta Bure Cabaret
2831,"Dog of Flanders, A (1999)",Drama,1999 A Dog Flanders of
2832,"Lost Son, The (1999)",Drama,1999 Lost Son
2833,Lucie Aubrac (1997),Romance|War,1997 Aubrac Lucie
2834,"Very Thought of You, The (1998)",Comedy|Romance,1998 Thought Very You of
2837,Bedrooms & Hallways (1998),Comedy|Romance,& 1998 Bedrooms Hallways
2838,I Woke Up Early the Day I Died (1998),Comedy,1998 Day Died Early I I Up Woke
2839,West Beirut (West Beyrouth) (1998),Drama,1998 Beirut Beyrouth West West
2842,Best Laid Plans (1999),Crime|Drama,1999 Best Laid Plans
2843,"Black Cat, White Cat (Crna macka, beli macor) (1998)",Comedy|Romance,1998 Black Cat Cat Crna White beli macka macor
2845,White Boys (1999),Drama,1999 Boys White
2846,"Adventures of Milo and Otis, The (1986)",Children's,1986 Adventures Milo Otis and of
2848,Othello (1952),Drama,1952 Othello
2849,Queens Logic (1991),Comedy|Drama,1991 Logic Queens
2850,Public Access (1993),Drama|Thriller,1993 Access Public
2851,Saturn 3 (1979),Adventure|Sci-Fi|Thriller,1979 3 Saturn
2853,"Communion (a.k.a. Alice, Sweet Alice/Holy Terror) (1977)",Horror,. 1977 Alice Alice/Holy Communion Sweet Terror a.k.a
2854,Don't Look in the Basement! (1973),Horror,! 1973 Basement Do Look in n't
2855,Nightmares (1983),Horror,1983 Nightmares
2862,Caligula (1980),Drama,1980 Caligula
2864,Splendor (1999),Comedy,1999 Splendor
2868,Fright Night Part II (1989),Horror,1989 Fright II Night Part
2869,"Separation, The (La Séparation) (1994)",Drama,1994 La Separation Séparation
2873,Lulu on the Bridge (1998),Drama|Mystery|Romance,1998 Bridge Lulu on
2879,Operation Condor (Feiying gaiwak) (1990),Action|Adventure|Comedy,1990 Condor Feiying Operation gaiwak
2880,Operation Condor 2 (Longxiong hudi) (1990),Action|Adventure|Comedy,1990 2 Condor Longxiong Operation hudi
2893,Plunkett & MaCleane (1999),Action|Drama,& 1999 MaCleane Plunkett
2895,Napoleon and Samantha (1972),Adventure,1972 Napoleon Samantha and
2897,And the Ship Sails On (E la nave va) (1984),Comedy|War,1984 And E On Sails Ship la nave va
2904,Rain (1932),Drama,1932 Rain
2909,"Five Wives, Three Secretaries and Me (1998)",Documentary,1998 Five Me Secretaries Three Wives and
2910,"Ennui, L' (1998)",Drama|Romance,1998 Ennui L
2911,"Grandfather, The (El Abuelo) (1998)",Drama,1998 Abuelo El Grandfather
2913,"Mating Habits of the Earthbound Human, The (1998)",Comedy,1998 Earthbound Habits Human Mating of
2914,Molly (1999),Comedy|Drama,1999 Molly
2920,Children of Paradise (Les enfants du paradis) (1945),Drama|Romance,1945 Children Les Paradise du enfants of paradis
2921,High Plains Drifter (1972),Western,1972 Drifter High Plains
2922,Hang 'em High (1967),Western,'em 1967 Hang High
2923,Citizen's Band (a.k.a. Handle with Care) (1977),Comedy,'s . 1977 Band Care Citizen Handle a.k.a with
2924,Drunken Master (Zui quan) (1979),Action|Comedy,1979 Drunken Master Zui quan
2925,"Conformist, The (Il Conformista) (1970)",Drama,1970 Conformist Conformista Il
2927,Brief Encounter (1946),Drama|Romance,1946 Brief Encounter
2931,Time of the Gypsies (Dom za vesanje) (1989),Drama,1989 Dom Gypsies Time of vesanje za
2933,"Fire Within, The (Le Feu Follet) (1963)",Drama,1963 Feu Fire Follet Le Within
2934,"Love Bewitched, A (El Amor Brujo) (1986)",Musical,1986 A Amor Bewitched Brujo El Love
2936,Sullivan's Travels (1942),Comedy,'s 1942 Sullivan Travels
2938,Man Facing Southeast (Hombre Mirando al Sudeste) (1986),Drama,1986 Facing Hombre Man Mirando Southeast Sudeste al
2945,Mike's Murder (1984),Mystery,'s 1984 Mike Murder
2951,"Fistful of Dollars, A (1964)",Action|Western,1964 A Dollars Fistful of
2952,"Hard 8 (a.k.a. Sydney, a.k.a. Hard Eight) (1996)",Crime|Thriller,. . 1996 8 Eight Hard Hard Sydney a.k.a a.k.a
2954,Penitentiary (1979),Drama,1979 Penitentiary
2955,Penitentiary II (1982),Drama,1982 II Penitentiary
2957,Sparrows (1926),Drama,1926 Sparrows
2958,Naturally Native (1998),Drama,1998 Native Naturally
2960,Beefcake (1999),Drama,1999 Beefcake
2963,Joe the King (1999),Crime|Drama,1999 Joe King
2969,"Man and a Woman, A (Un Homme et une Femme) (1966)",Drama|Romance,1966 A Femme Homme Man Un Woman a and et une
2972,Red Sorghum (Hong Gao Liang) (1987),Drama|War,1987 Gao Hong Liang Red Sorghum
2980,Men Cry Bullets (1997),Drama,1997 Bullets Cry Men
2981,"Brother, Can You Spare a Dime? (1975)",Documentary,1975 ? Brother Can Dime Spare You a
2985,Robocop (1987),Action|Crime|Sci-Fi,1987 Robocop
2986,Robocop 2 (1990),Action|Crime|Sci-Fi,1990 2 Robocop
2987,Who Framed Roger Rabbit? (1988),Adventure|Animation|Film-Noir,1988 ? Framed Rabbit Roger Who
2994,"City, The (1998)",Drama,1998 City
2998,Dreaming of Joseph Lees (1998),Romance,1998 Dreaming Joseph Lees of
2999,Man of the Century (1999),Comedy,1999 Century Man of
3000,"Princess Mononoke, The (Mononoke Hime) (1997)",Action|Adventure|Animation,1997 Hime Mononoke Mononoke Princess
3001,"Suburbans, The (1999)",Drama,1999 Suburbans
3002,My Best Fiend (Mein liebster Feind) (1999),Documentary,1999 Best Feind Fiend Mein My liebster
3003,Train of Life (Train De Vie) (1998),Comedy|Drama,1998 De Life Train Train Vie of
3009,Portraits Chinois (1996),Drama,1996 Chinois Portraits
3012,Battling Butler (1926),Comedy,1926 Battling Butler
3022,"General, The (1927)",Comedy,1927 General
3023,My Best Girl (1927),Comedy|Romance,1927 Best Girl My
3025,Rough Night in Jericho (1967),Western,1967 Jericho Night Rough in
3026,Slaughterhouse (1987),Horror,1987 Slaughterhouse
3027,Slaughterhouse 2 (1988),Horror,1988 2 Slaughterhouse
3030,Yojimbo (1961),Comedy|Drama|Western,1961 Yojimbo
3036,Quest for Fire (1981),Adventure,1981 Fire Quest for
3042,Meatballs III (1987),Comedy,1987 III Meatballs
3047,Experience Preferred... But Not Essential (1982),Drama,... 1982 But Essential Experience Not Preferred
3049,How I Won the War (1967),Comedy|War,1967 How I War Won
3050,Light It Up (1999),Drama,1999 It Light Up
3053,"Messenger: The Story of Joan of Arc, The (1999)",Drama|War,1999 : Arc Joan Messenger Story of of
3054,Pokémon: The First Movie (1998),Animation|Children's,1998 : First Movie Pokémon
3057,Where's Marlowe? (1999),Comedy,'s 1999 ? Marlowe Where
3058,"Ape, The (1940)",Horror|Sci-Fi,1940 Ape
3059,British Intelligence (1940),Drama,1940 British Intelligence
3065,Ten Benny (1997),Drama,1997 Benny Ten
3067,Women on the Verge of a Nervous Breakdown (1988),Comedy|Drama,1988 Breakdown Nervous Verge Women a of on
3069,"Effect of Gamma Rays on Man-in-the-Moon Marigolds, The (1972)",Drama,1972 Effect Gamma Man-in-the-Moon Marigolds Rays of on
3070,"Adventures of Buckaroo Bonzai Across the 8th Dimension, The (1984)",Adventure|Comedy|Sci-Fi,1984 8th Across Adventures Bonzai Buckaroo Dimension of
3071,Stand and Deliver (1987),Drama,1987 Deliver Stand and
3080,"Goodbye, 20th Century (Zbogum na dvadesetiot vek) (1998)",Drama|Sci-Fi,1998 20th Century Goodbye Zbogum dvadesetiot na vek
3083,All About My Mother (Todo Sobre Mi Madre) (1999),Comedy|Drama,1999 About All Madre Mi Mother My Sobre Todo
3084,Home Page (1999),Documentary,1999 Home Page
3085,"Living Dead Girl, The (La Morte Vivante) (1982)",Horror,1982 Dead Girl La Living Morte Vivante
3086,March of the Wooden Soldiers (a.k.a. Laurel & Hardy in Toyland) (1934),Comedy,& . 1934 Hardy Laurel March Soldiers Toyland Wooden a.k.a in of
3089,"Bicycle Thief, The (Ladri di biciclette) (1948)",Drama,1948 Bicycle Ladri Thief biciclette di
3092,Chushingura (1962),Drama,1962 Chushingura
3110,Country (1984),Drama,1984 Country
3112,'Night Mother (1986),Drama,'Night 1986 Mother
3116,Miss Julie (1999),Drama,1999 Julie Miss
3118,Tumbleweeds (1999),Drama,1999 Tumbleweeds
3119,Bay of Blood (Reazione a catena) (1971),Horror,1971 Bay Blood Reazione a catena of
3121,"Hitch-Hiker, The (1953)",Film-Noir,1953 Hitch-Hiker
3122,Santa Fe Trail (1940),Drama|Romance|Western,1940 Fe Santa Trail
3123,Spring Fever USA (a.k.a. Lauderdale) (1989),Comedy,. 1989 Fever Lauderdale Spring USA a.k.a
3124,Agnes Browne (1999),Comedy|Drama,1999 Agnes Browne
3126,"End of the Affair, The (1955)",Drama,1955 Affair End of
3128,"Map of the World, A (1999)",Drama,1999 A Map World of
3131,Broadway Damage (1997),Comedy,1997 Broadway Damage
3132,Daddy Long Legs (1919),Comedy,1919 Daddy Legs Long
3133,Go West (1925),Comedy,1925 Go West
3134,"Grand Illusion (Grande illusion, La) (1937)",Drama|War,1937 Grand Grande Illusion La illusion
3136,"James Dean Story, The (1957)",Documentary,1957 Dean James Story
3137,"Sea Wolves, The (1980)",Action|War,1980 Sea Wolves
3139,Tarzan the Fearless (1933),Action|Adventure,1933 Fearless Tarzan
3140,"Three Ages, The (1923)",Comedy,1923 Ages Three
3144,"Glass Bottom Boat, The (1966)",Comedy|Romance,1966 Boat Bottom Glass
3149,Diamonds (1999),Mystery,1999 Diamonds
3151,"Bat Whispers, The (1930)",Crime|Drama|Mystery,1930 Bat Whispers
3154,Blood on the Sun (1945),Drama|War,1945 Blood Sun on
3158,"Emperor and the Assassin, The (Jing ke ci qin wang) (1999)",Drama,1999 Assassin Emperor Jing and ci ke qin wang
3164,"Alley Cats, The (1968)",Drama,1968 Alley Cats
3166,Brenda Starr (1989),Adventure,1989 Brenda Starr
3169,"Falcon and the Snowman, The (1984)",Drama,1984 Falcon Snowman and
3170,Hi-Yo Silver (1940),Western,1940 Hi-Yo Silver
3172,Ulysses (Ulisse) (1954),Adventure,1954 Ulisse Ulysses
3177,Next Friday (1999),Comedy,1999 Friday Next
3180,Play it to the Bone (1999),Comedy|Drama,1999 Bone Play it to
3184,Montana (1998),Action|Comedy|Crime|Drama,1998 Montana
3187,Trans (1998),Drama,1998 Trans
3188,"Life and Times of Hank Greenberg, The (1998)",Documentary,1998 Greenberg Hank Life Times and of
3189,My Dog Skip (1999),Comedy,1999 Dog My Skip
3191,"Quarry, The (1998)",Drama,1998 Quarry
3192,"Terrorist, The (Malli) (1998)",Drama,1998 Malli Terrorist
3193,Creature (1999),Documentary,1999 Creature
3195,Tess of the Storm Country (1922),Drama,1922 Country Storm Tess of
3199,Pal Joey (1957),Comedy|Musical|Romance,1957 Joey Pal
3202,Even Dwarfs Started Small (Auch Zwerge haben klein angefangen) (1971),Drama,1971 Auch Dwarfs Even Small Started Zwerge angefangen haben klein
3205,Black Sunday (La Maschera Del Demonio) (1960),Horror,1960 Black Del Demonio La Maschera Sunday
3207,"Snows of Kilimanjaro, The (1952)",Adventure,1952 Kilimanjaro Snows of
3209,"Loves of Carmen, The (1948)",Drama,1948 Carmen Loves of
3211,"Cry in the Dark, A (1988)",Drama,1988 A Cry Dark in
3212,Born to Win (1971),Drama,1971 Born Win to
3215,Voyage of the Damned (1976),Drama,1976 Damned Voyage of
3216,Vampyros Lesbos (Las Vampiras) (1970),Horror,1970 Las Lesbos Vampiras Vampyros
3218,Poison (1991),Drama,1991 Poison
3220,Night Tide (1961),Drama,1961 Night Tide
3222,Carmen (1984),Drama,1984 Carmen
3224,Woman in the Dunes (Suna no onna) (1964),Drama,1964 Dunes Suna Woman in no onna
3226,Hellhounds on My Trail (1999),Documentary,1999 Hellhounds My Trail on
3227,"Not Love, Just Frenzy (Más que amor, frenesí) (1996)",Comedy|Drama|Thriller,1996 Frenzy Just Love Más Not amor frenesí que
3228,Wirey Spindell (1999),Comedy,1999 Spindell Wirey
3229,Another Man's Poison (1952),Crime|Drama,'s 1952 Another Man Poison
3231,"Saphead, The (1920)",Comedy,1920 Saphead
3232,Seven Chances (1925),Comedy,1925 Chances Seven
3233,Smashing Time (1967),Comedy,1967 Smashing Time
3234,Train Ride to Hollywood (1978),Comedy,1978 Hollywood Ride Train to
3236,Zachariah (1971),Western,1971 Zachariah
3237,Kestrel's Eye (Falkens öga) (1998),Documentary,'s 1998 Eye Falkens Kestrel öga
3239,Isn't She Great? (2000),Comedy,2000 ? Great Is She n't
3241,"Cup, The (Phörpa) (1999)",Comedy,1999 Cup Phörpa
3242,Santitos (1997),Comedy,1997 Santitos
3245,I Am Cuba (Soy Cuba/Ya Kuba) (1964),Drama,1964 Am Cuba Cuba/Ya I Kuba Soy
3265,Hard-Boiled (Lashou shentan) (1992),Action|Crime,1992 Hard-Boiled Lashou shentan
3266,Man Bites Dog (C'est arrivé près de chez vous) (1992),Action|Comedy|Crime|Drama,1992 Bites C'est Dog Man arrivé chez de près vous
3267,"Mariachi, El (1992)",Action|Thriller,1992 El Mariachi
3277,Beloved/Friend (Amigo/Amado) (1999),Drama,1999 Amigo/Amado Beloved/Friend
3278,Gendernauts (1999),Documentary,1999 Gendernauts
3279,Knockout (1999),Action|Adventure,1999 Knockout
3282,Different for Girls (1996),Comedy,1996 Different Girls for
3288,Cotton Mary (1999),Drama,1999 Cotton Mary
3289,Not One Less (Yi ge dou bu neng shao) (1999),Drama,1999 Less Not One Yi bu dou ge neng shao
3290,Soft Toilet Seats (1999),Comedy,1999 Seats Soft Toilet
3291,Trois (2000),Thriller,2000 Trois
3292,"Big Combo, The (1955)",Film-Noir,1955 Big Combo
3293,Conceiving Ada (1997),Drama|Sci-Fi,1997 Ada Conceiving
3297,With Byrd at the South Pole (1930),Documentary,1930 Byrd Pole South With at
3303,Black Tar Heroin: The Dark End of the Street (1999),Documentary,1999 : Black Dark End Heroin Street Tar of
3304,Blue Collar (1978),Crime|Drama,1978 Blue Collar
3305,Bluebeard (1944),Film-Noir|Horror,1944 Bluebeard
3309,"Dog's Life, A (1920)",Comedy,'s 1920 A Dog Life
3311,"Man from Laramie, The (1955)",Western,1955 Laramie Man from
3312,"McCullochs, The (1975)",Drama,1975 McCullochs
3314,"Big Trees, The (1952)",Action|Drama,1952 Big Trees
3318,Deterrence (1998),Thriller,1998 Deterrence
3319,Judy Berlin (1999),Drama,1999 Berlin Judy
3320,Mifune (Mifunes sidste sang) (1999),Comedy|Romance,1999 Mifune Mifunes sang sidste
3321,"Waiting Game, The (2000)",Comedy,2000 Game Waiting
3322,3 Strikes (2000),Comedy,2000 3 Strikes
3327,Beyond the Mat (2000),Documentary,2000 Beyond Mat
3332,"Legend of Lobo, The (1962)",Adventure|Children's,1962 Legend Lobo of
3333,"Killing of Sister George, The (1968)",Drama,1968 George Killing Sister of
3335,Jail Bait (1954),Crime|Drama,1954 Bait Jail
3336,It Happened Here (1961),Drama,1961 Happened Here It
3337,I'll Never Forget What's 'is Name (1967),Comedy|Drama,'is 'll 's 1967 Forget I Name Never What
3339,Cross of Iron (1977),War,1977 Cross Iron of
3340,Bride of the Monster (1956),Horror|Sci-Fi,1956 Bride Monster of
3343,And God Created Woman (1988),Comedy|Drama|Romance,1988 And Created God Woman
3346,Color Me Blood Red (1965),Horror,1965 Blood Color Me Red
3348,"Night Visitor, The (1970)",Crime|Thriller,1970 Night Visitor
3349,"Perils of Pauline, The (1947)",Comedy,1947 Pauline Perils of
3351,Two Thousand Maniacs! (1964),Horror,! 1964 Maniacs Thousand Two
3352,Brown's Requiem (1998),Drama,'s 1998 Brown Requiem
3355,"Ninth Gate, The (2000)",Thriller,2000 Gate Ninth
3356,Condo Painting (2000),Documentary,2000 Condo Painting
3357,East-West (Est-ouest) (1999),Drama|Romance,1999 East-West Est-ouest
3366,Where Eagles Dare (1969),Action|Adventure|War,1969 Dare Eagles Where
3367,"Devil's Brigade, The (1968)",War,'s 1968 Brigade Devil
3369,Any Number Can Win (Mélodie en sous-sol ) (1963),Crime,1963 Any Can Mélodie Number Win en sous-sol
3371,Bound for Glory (1976),Drama,1976 Bound Glory for
3373,Buck and the Preacher (1972),Western,1972 Buck Preacher and
3374,Daughters of the Dust (1992),Drama,1992 Daughters Dust of
3375,Destination Moon (1950),Sci-Fi,1950 Destination Moon
3376,"Fantastic Night, The (La Nuit Fantastique) (1949)",Romance,1949 Fantastic Fantastique La Night Nuit
3377,Hangmen Also Die (1943),Drama|War,1943 Also Die Hangmen
3378,"Ogre, The (Der Unhold) (1996)",Drama,1996 Der Ogre Unhold
3380,Railroaded! (1947),Film-Noir,! 1947 Railroaded
3381,Slaves to the Underground (1997),Comedy|Drama,1997 Slaves Underground to
3382,Song of Freedom (1936),Drama,1936 Freedom Song of
3383,Big Fella (1937),Drama|Musical,1937 Big Fella
3391,Who's That Girl? (1987),Comedy,'s 1987 ? Girl That Who
3399,Sesame Street Presents Follow That Bird (1985),Children's|Comedy,1985 Bird Follow Presents Sesame Street That
3401,Baby... Secret of the Lost Legend (1985),Adventure|Sci-Fi,... 1985 Baby Legend Lost Secret of
3406,Captain Horatio Hornblower (1951),Action|Adventure|War,1951 Captain Horatio Hornblower
3407,"Carriers Are Waiting, The (Les Convoyeurs Attendent) (1999)",Comedy|Drama,1999 Are Attendent Carriers Convoyeurs Les Waiting
3411,Babymother (1998),Drama,1998 Babymother
3412,"Bear, The (1988)",Adventure,1988 Bear
3413,Impact (1949),Crime|Drama,1949 Impact
3415,"Mirror, The (Zerkalo) (1975)",Drama,1975 Mirror Zerkalo
3416,"Trial, The (Le Procès) (1963)",Drama,1963 Le Procès Trial
3419,Something for Everyone (1970),Comedy|Crime,1970 Everyone Something for
3420,...And Justice for All (1979),Drama|Thriller,... 1979 All And Justice for
3421,Animal House (1978),Comedy,1978 Animal House
3427,Coogan's Bluff (1968),Crime,'s 1968 Bluff Coogan
3429,Creature Comforts (1990),Animation|Comedy,1990 Comforts Creature
3437,Cool as Ice (1991),Drama,1991 Cool Ice as
3443,Born American (1986),Action|Drama|Thriller,1986 American Born
3456,"Color of Paradise, The (Rang-e Khoda) (1999)",Drama,1999 Color Khoda Paradise Rang-e of
3457,Waking the Dead (1999),Drama,1999 Dead Waking
3458,Blood and Sand (Sangre y Arena) (1989),Drama|Romance,1989 Arena Blood Sand Sangre and y
3460,Hillbillys in a Haunted House (1967),Comedy,1967 Haunted Hillbillys House a in
3463,Last Resort (1994),Comedy,1994 Last Resort
3464,Solar Crisis (1993),Sci-Fi|Thriller,1993 Crisis Solar
3465,That's Life! (1986),Drama,! 's 1986 Life That
3470,Dersu Uzala (1974),Adventure|Drama,1974 Dersu Uzala
3472,Horror Hotel (a.k.a. The City of the Dead) (1960),Horror,. 1960 City Dead Horror Hotel a.k.a of
3473,Jonah Who Will Be 25 in the Year 2000 (1976),Comedy,1976 2000 25 Be Jonah Who Will Year in
3482,Price of Glory (2000),Drama,2000 Glory Price of
3485,Autopsy (Macchie Solari) (1975),Horror,1975 Autopsy Macchie Solari
3486,Devil Girl From Mars (1954),Sci-Fi,1954 Devil From Girl Mars
3487,"Dorado, El (1967)",Western,1967 Dorado El
3488,"Hideous Sun Demon, The (1959)",Horror|Sci-Fi,1959 Demon Hideous Sun
3490,Horror Express (1972),Horror,1972 Express Horror
3491,My Chauffeur (1986),Comedy,1986 Chauffeur My
3493,Torso (Corpi Presentano Tracce di Violenza Carnale) (1973),Horror,1973 Carnale Corpi Presentano Torso Tracce Violenza di
3495,Roadside Prophets (1992),Comedy|Drama,1992 Prophets Roadside
3503,Solaris (Solyaris) (1972),Drama|Sci-Fi,1972 Solaris Solyaris
3509,Black and White (1999),Drama,1999 Black White and
3515,Me Myself I (2000),Comedy,2000 I Me Myself
3517,"Bells, The (1926)",Crime|Drama,1926 Bells
3518,"End of Violence, The (1997)",Drama|Thriller,1997 End Violence of
3520,How to Stuff a Wild Bikini (1965),Comedy,1965 Bikini How Stuff Wild a to
3522,Sacco and Vanzetti (Sacco e Vanzetti) (1971),Drama,1971 Sacco Sacco Vanzetti Vanzetti and e
3523,Taffin (1988),Action|Thriller,1988 Taffin
3530,Smoking/No Smoking (1993),Comedy,1993 Smoking Smoking/No
3532,Freedom for Us (À nous la liberté ) (1931),Comedy,1931 Freedom Us for la liberté nous À
3533,"Actor's Revenge, An (Yukinojo Henge) (1963)",Drama,'s 1963 Actor An Henge Revenge Yukinojo
3538,East is East (1999),Comedy,1999 East East is
3540,Passion of Mind (1999),Romance|Thriller,1999 Mind Passion of
3541,Third World Cop (1999),Action,1999 Cop Third World
3542,Coming Apart (1969),Drama,1969 Apart Coming
3547,Prick Up Your Ears (1987),Drama,1987 Ears Prick Up Your
3554,Love and Basketball (2000),Drama|Romance,2000 Basketball Love and
3557,Jennifer 8 (1992),Thriller,1992 8 Jennifer
3558,"Law, The (Le Legge) (1958)",Drama,1958 Law Le Legge
3560,Phantom Love (Ai No Borei) (1978),Drama,1978 Ai Borei Love No Phantom
3561,Stacy's Knights (1982),Drama,'s 1982 Knights Stacy
3562,Committed (2000),Comedy|Drama,2000 Committed
3566,"Big Kahuna, The (2000)",Comedy|Drama,2000 Big Kahuna
3567,Bossa Nova (1999),Comedy,1999 Bossa Nova
3569,"Idiots, The (Idioterne) (1998)",Comedy|Drama,1998 Idioterne Idiots
3570,"Last September, The (1999)",Drama,1999 Last September
3571,Time Code (2000),Drama,2000 Code Time
3575,Defying Gravity (1997),Drama,1997 Defying Gravity
3577,Two Moon Juction (1988),Drama,1988 Juction Moon Two
3579,I Dreamed of Africa (2000),Drama,2000 Africa Dreamed I of
3582,"Jails, Hospitals & Hip-Hop (2000)",Drama,& 2000 Hip-Hop Hospitals Jails
3583,Black Tights (Les Collants Noirs) (1960),Drama,1960 Black Collants Les Noirs Tights
3585,"Great Locomotive Chase, The (1956)",Adventure|War,1956 Chase Great Locomotive
3588,"King of Marvin Gardens, The (1972)",Crime|Drama,1972 Gardens King Marvin of
3589,"Kill, Baby... Kill! (Operazione Paura) (1966)",Horror,! ... 1966 Baby Kill Kill Operazione Paura
3592,Time Masters (Les Maîtres du Temps) (1982),Animation|Sci-Fi,1982 Les Masters Maîtres Temps Time du
3595,Held Up (2000),Comedy,2000 Held Up
3600,Blue Hawaii (1961),Comedy|Musical,1961 Blue Hawaii
3601,"Castaway Cowboy, The (1974)",Comedy|Western,1974 Castaway Cowboy
3602,G. I. Blues (1960),Musical,1960 Blues G. I.
3603,"Gay Deceivers, The (1969)",Comedy,1969 Deceivers Gay
3605,King Creole (1958),Drama|Musical,1958 Creole King
3607,One Little Indian (1973),Comedy|Drama|Western,1973 Indian Little One
3610,Roustabout (1964),Musical,1964 Roustabout
3611,Saludos Amigos (1943),Animation|Children's|Comedy,1943 Amigos Saludos
3612,"Slipper and the Rose, The (1976)",Adventure|Musical|Romance,1976 Rose Slipper and
3613,Things Change (1988),Comedy,1988 Change Things
3620,"Myth of Fingerprints, The (1997)",Comedy|Drama,1997 Fingerprints Myth of
3621,Possession (1981),Drama|Horror,1981 Possession
3623,Mission: Impossible 2 (2000),Action|Thriller,2 2000 : Impossible Mission
3626,8 1/2 Women (1999),Comedy,1/2 1999 8 Women
3630,"House of Exorcism, The (La Casa dell'esorcismo) (1974)",Horror,1974 Casa Exorcism House La dell'esorcismo of
3631,It's in the Water (1998),Comedy,'s 1998 It Water in
3636,Those Who Love Me Can Take the Train (Ceux qui m'aiment prendront le train) (1998),Drama,1998 Can Ceux Love Me Take Those Train Who le m'aiment prendront qui train
3637,Vagabond (Sans toit ni loi) (1985),Drama,1985 Sans Vagabond loi ni toit
3641,"Woman of Paris, A (1923)",Drama,1923 A Paris Woman of
3642,In Old California (1942),Western,1942 California In Old
3644,Dark Command (1940),Western,1940 Command Dark
3645,Cleo From 5 to 7 (Cléo de 5 à 7) (1962),Drama,1962 5 5 7 7 Cleo Cléo From de to à
3647,Running Free (2000),Drama,2000 Free Running
3650,Anguish (Angustia) (1986),Horror,1986 Anguish Angustia
3651,"Blood Spattered Bride, The (La Novia Ensangrentada) (1972)",Horror,1972 Blood Bride Ensangrentada La Novia Spattered
3652,City of the Living Dead (Paura nella città dei morti viventi) (1980),Horror,1980 City Dead Living Paura città dei morti nella of viventi
3653,"Endless Summer, The (1966)",Documentary,1966 Endless Summer
3655,Blow-Out (La Grande Bouffe) (1973),Drama,1973 Blow-Out Bouffe Grande La
3656,Lured (1947),Crime,1947 Lured
3657,Pandora and the Flying Dutchman (1951),Drama,1951 Dutchman Flying Pandora and
3659,Quatermass II (1957),Sci-Fi|Thriller,1957 II Quatermass
3664,Puppet Master 5: The Final Chapter (1994),Horror|Sci-Fi|Thriller,1994 5 : Chapter Final Master Puppet
3665,Curse of the Puppet Master (1998),Horror|Sci-Fi|Thriller,1998 Curse Master Puppet of
3666,Retro Puppetmaster (1999),Horror|Sci-Fi|Thriller,1999 Puppetmaster Retro
3667,Rent-A-Cop (1988),Action|Comedy,1988 Rent-A-Cop
3670,"Story of G.I. Joe, The (1945)",War,. 1945 G.I Joe Story of
3681,For a Few Dollars More (1965),Western,1965 Dollars Few For More a
3687,Light Years (1988),Sci-Fi,1988 Light Years
3693,"Toxic Avenger, The (1985)",Comedy|Horror,1985 Avenger Toxic
3703,Mad Max 2 (a.k.a. The Road Warrior) (1981),Action|Sci-Fi,. 1981 2 Mad Max Road Warrior a.k.a
3717,Gone in 60 Seconds (2000),Action|Crime,2000 60 Gone Seconds in
3718,American Pimp (1999),Documentary,1999 American Pimp
3721,Trixie (1999),Comedy,1999 Trixie
3722,Live Virgin (1999),Comedy,1999 Live Virgin
3728,One False Move (1991),Thriller,1991 False Move One
3734,Prince of the City (1981),Drama,1981 City Prince of
3736,"Big Carnival, The (1951)",Drama,1951 Big Carnival
3742,"Battleship Potemkin, The (Bronenosets Potyomkin) (1925)",Drama|War,1925 Battleship Bronenosets Potemkin Potyomkin
3746,Butterfly (La Lengua de las Mariposas) (2000),Drama|War,2000 Butterfly La Lengua Mariposas de las
3748,"Match, The (1999)",Comedy|Romance,1999 Match
3749,Time Regained (Le Temps Retrouvé) (1999),Drama,1999 Le Regained Retrouvé Temps Time
3750,Boricua's Bond (2000),Drama,'s 2000 Bond Boricua
3752,"Me, Myself and Irene (2000)",Comedy,2000 Irene Me Myself and
3754,"Adventures of Rocky and Bullwinkle, The (2000)",Animation|Children's|Comedy,2000 Adventures Bullwinkle Rocky and of
3757,Asylum (1972),Horror,1972 Asylum
3759,Fun and Fancy Free (1947),Animation|Children's|Musical,1947 Fancy Free Fun and
3761,"Blood In, Blood Out (a.k.a. Bound by Honor) (1993)",Crime|Drama,. 1993 Blood Blood Bound Honor In Out a.k.a by
3762,Daughter of Dr. Jeckyll (1957),Horror,1957 Daughter Dr. Jeckyll of
3764,F/X 2 (1992),Action|Crime|Thriller,1992 2 F/X
3771,"Golden Voyage of Sinbad, The (1974)",Action|Adventure,1974 Golden Sinbad Voyage of
3772,Hatchet For the Honeymoon (Rosso Segno Della Follia) (1969),Horror,1969 Della Follia For Hatchet Honeymoon Rosso Segno
3775,Make Mine Music (1946),Animation|Children's|Musical,1946 Make Mine Music
3776,Melody Time (1948),Animation|Children's|Musical,1948 Melody Time
3777,Nekromantik (1987),Comedy|Horror,1987 Nekromantik
3778,On Our Merry Way (1948),Comedy|Drama,1948 Merry On Our Way
3779,Project Moon Base (1953),Sci-Fi,1953 Base Moon Project
3780,Rocketship X-M (1950),Sci-Fi,1950 Rocketship X-M
3781,Shaft in Africa (1973),Action|Crime,1973 Africa Shaft in
3782,Shaft's Big Score! (1972),Action|Crime,! 's 1972 Big Score Shaft
3787,Shower (Xizhao) (1999),Comedy,1999 Shower Xizhao
3789,"Pawnbroker, The (1965)",Drama,1965 Pawnbroker
3796,"Wisdom of Crocodiles, The (a.k.a. Immortality) (2000)",Romance|Thriller,. 2000 Crocodiles Immortality Wisdom a.k.a of
3799,Pokémon the Movie 2000 (2000),Animation|Children's,2000 2000 Movie Pokémon
3800,Criminal Lovers (Les Amants Criminels) (1999),Drama|Romance,1999 Amants Criminal Criminels Les Lovers
3803,Greaser's Palace (1972),Drama,'s 1972 Greaser Palace
3804,H.O.T.S. (1979),Comedy,. 1979 H.O.T.S
3805,Knightriders (1981),Action|Adventure|Drama,1981 Knightriders
3806,MacKenna's Gold (1969),Western,'s 1969 Gold MacKenna
3808,Two Women (La Ciociara) (1961),Drama|War,1961 Ciociara La Two Women
3811,Breaker Morant (1980),Drama|War,1980 Breaker Morant
3812,Everything You Always Wanted to Know About Sex (1972),Comedy,1972 About Always Everything Know Sex Wanted You to
3816,"Official Story, The (La Historia Oficial) (1985)",Drama,1985 Historia La Official Oficial Story
3817,"Other Side of Sunday, The (Søndagsengler) (1996)",Comedy|Drama,1996 Other Side Sunday Søndagsengler of
3818,Pot O' Gold (1941),Comedy|Musical,1941 Gold O Pot
3819,Tampopo (1986),Comedy,1986 Tampopo
3820,Thomas and the Magic Railroad (2000),Children's,2000 Magic Railroad Thomas and
3822,"Girl on the Bridge, The (La Fille sur le Pont) (1999)",Drama|Romance,1999 Bridge Fille Girl La Pont le on sur
3828,Better Living (1998),Comedy,1998 Better Living
3829,Mad About Mambo (2000),Comedy|Romance,2000 About Mad Mambo
3832,"Black Sabbath (Tre Volti Della Paura, I) (1963)",Horror,1963 Black Della I Paura Sabbath Tre Volti
3842,Make Them Die Slowly (Cannibal Ferox) (1980),Horror,1980 Cannibal Die Ferox Make Slowly Them
3845,And God Created Woman (Et Dieu&#8230;Créa la Femme) (1956),Drama,# & 1956 8230 ; And Created Créa Dieu Et Femme God Woman la
3847,"Ilsa, She Wolf of the SS (1974)",Horror,1974 Ilsa SS She Wolf of
3848,Silent Fall (1994),Drama|Thriller,1994 Fall Silent
3850,Whatever Happened to Aunt Alice? (1969),Crime|Thriller,1969 ? Alice Aunt Happened Whatever to
3851,I'm the One That I Want (2000),Comedy,'m 2000 I I One That Want
3853,"Tic Code, The (1998)",Drama,1998 Code Tic
3854,Aimée & Jaguar (1999),Drama|Romance,& 1999 Aimée Jaguar
3855,"Affair of Love, An (Une Liaison Pornographique) (1999)",Drama|Romance,1999 Affair An Liaison Love Pornographique Une of
3856,Autumn Heart (1999),Drama,1999 Autumn Heart
3860,"Opportunists, The (1999)",Crime,1999 Opportunists
3864,Godzilla 2000 (Gojira ni-sen mireniamu) (1999),Action|Adventure|Sci-Fi,1999 2000 Godzilla Gojira mireniamu ni-sen
3866,Sunset Strip (2000),Comedy,2000 Strip Sunset
3867,All the Rage (a.k.a. It's the Rage) (1999),Drama,'s . 1999 All It Rage Rage a.k.a
3869,"Naked Gun 2 1/2: The Smell of Fear, The (1991)",Comedy,1/2 1991 2 : Fear Gun Naked Smell of
3874,"Couch in New York, A (1996)",Comedy|Romance,1996 A Couch New York in
3875,"Devil Rides Out, The (1968)",Horror,1968 Devil Out Rides
3876,Jerry & Tom (1998),Drama,& 1998 Jerry Tom
3878,X: The Unknown (1956),Sci-Fi,1956 : Unknown X
3880,"Ballad of Ramblin' Jack, The (2000)",Documentary,2000 Ballad Jack Ramblin of
3881,Bittersweet Motel (2000),Documentary,2000 Bittersweet Motel
3883,Catfish in Black Bean Sauce (2000),Comedy|Drama,2000 Bean Black Catfish Sauce in
3885,Love & Sex (2000),Comedy|Romance,& 2000 Love Sex
3886,Steal This Movie! (2000),Drama,! 2000 Movie Steal This
3887,Went to Coney Island on a Mission From God... Be Back by Five (1998),Drama,... 1998 Back Be Coney Five From God Island Mission Went a by on to
3890,Back Stage (2000),Documentary,2000 Back Stage
3891,Turn It Up (2000),Crime|Drama,2000 It Turn Up
3892,Anatomy (Anatomie) (2000),Horror,2000 Anatomie Anatomy
3900,Crime and Punishment in Suburbia (2000),Comedy|Drama,2000 Crime Punishment Suburbia and in
3902,Goya in Bordeaux (Goya en Bodeos) (1999),Drama,1999 Bodeos Bordeaux Goya Goya en in
3903,Urbania (2000),Drama,2000 Urbania
3904,"Uninvited Guest, An (2000)",Drama,2000 An Guest Uninvited
3905,"Specials, The (2000)",Comedy,2000 Specials
3907,"Prince of Central Park, The (1999)",Drama,1999 Central Park Prince of
3913,Barenaked in America (1999),Documentary,1999 America Barenaked in
3914,"Broken Hearts Club, The (2000)",Drama,2000 Broken Club Hearts
3920,"Faraway, So Close (In Weiter Ferne, So Nah!) (1993)",Drama|Fantasy,! 1993 Close Faraway Ferne In Nah So So Weiter
3921,Beach Party (1963),Comedy,1963 Beach Party
3923,Return of the Fly (1959),Horror|Sci-Fi,1959 Fly Return of
3924,Pajama Party (1964),Comedy,1964 Pajama Party
3925,Stranger Than Paradise (1984),Comedy,1984 Paradise Stranger Than
3928,Abbott and Costello Meet Frankenstein (1948),Comedy|Horror,1948 Abbott Costello Frankenstein Meet and
3930,"Creature From the Black Lagoon, The (1954)",Horror,1954 Black Creature From Lagoon
3931,"Giant Gila Monster, The (1959)",Horror|Sci-Fi,1959 Giant Gila Monster
3934,Kronos (1957),Sci-Fi,1957 Kronos
3935,Kronos (1973),Horror,1973 Kronos
3936,"Phantom of the Opera, The (1943)",Drama|Thriller,1943 Opera Phantom of
3944,Bootmen (2000),Comedy|Drama,2000 Bootmen
